A,1e+007
AA,-3.99062e-005
AACC,1e+007
AAIT,1e+007
AAME,1e+007
AAN,1e+007
AAON,1e+007
AAP,1e+007
AAPL,1e+007
AAT,1e+007
AAU,1e+007
AAV,1e+007
AAWW,1e+007
AAXJ,1e+007
AA_hyphen_,1e+007
AB,1e+007
ABAX,1e+007
ABB,3.08571e-005
ABBV,7.09364e-005
ABC,0.000254335
ABCB,1e+007
ABCD,1e+007
ABCO,1e+007
ABFS,1e+007
ABG,1e+007
ABI,1e+007
ABIO,1e+007
ABM,1e+007
ABMD,1e+007
ABR,1e+007
ABR_hyphen_A,1e+007
ABT,1e+007
ABTL,1e+007
ABV,-0.000227432
ABV_dot_C,1e+007
ABW_hyphen_B,1e+007
ABX,4.58333e-005
ACAD,1e+007
ACAS,1e+007
ACAT,1e+007
ACC,1e+007
ACCL,1e+007
ACCO,1e+007
ACE,1e+007
ACET,1e+007
ACFC,1e+007
ACFN,1e+007
ACG,1e+007
ACGL,1e+007
ACH,1e+007
ACHC,1e+007
ACHN,1e+007
ACI,1.18481e-005
ACIM,1e+007
ACIW,1e+007
ACLS,1e+007
ACM,1e+007
ACMP,1e+007
ACN,0.000252726
ACNB,1e+007
ACO,1e+007
ACOR,1e+007
ACP,1e+007
ACPW,1e+007
ACP_caret__hash_,1e+007
ACRE,1e+007
ACRX,1e+007
ACST,1e+007
ACT,1e+007
ACTG,1e+007
ACTS,1e+007
ACTV,1e+007
ACU,1e+007
ACUR,1e+007
ACW,1e+007
ACWI,1e+007
ACWV,1e+007
ACWX,1e+007
ACXM,1e+007
ACY,1e+007
ADAT,1e+007
ADBE,1e+007
ADC,1e+007
ADEP,1e+007
ADES,1e+007
ADGE,1e+007
ADI,1e+007
ADK,1e+007
ADK_hyphen_A,1e+007
ADM,3.70972e-005
ADNC,1e+007
ADP,1e+007
ADRA,1e+007
ADRD,1e+007
ADRE,1e+007
ADRU,1e+007
ADS,1e+007
ADSK,1e+007
ADT,1e+007
ADTN,1e+007
ADUS,1e+007
ADVS,1e+007
ADX,1e+007
ADY,1e+007
ADZ,1e+007
AE,1e+007
AEB,1e+007
AEC,1e+007
AED,1e+007
AEE,1e+007
AEF,1e+007
AEG,1e+007
AEGN,1e+007
AEGR,1e+007
AEH,1e+007
AEHR,1e+007
AEIS,1e+007
AEK,1e+007
AEL,1e+007
AEM,1e+007
AEO,1e+007
AEP,1e+007
AEPI,1e+007
AER,1e+007
AERL,1e+007
AES,-2.49918e-005
AES_hyphen_C,1e+007
AET,1e+007
AETI,1e+007
AEV,1e+007
AEY,1e+007
AEZS,1e+007
AF,1e+007
AFA,1e+007
AFAM,1e+007
AFB,1e+007
AFC,1e+007
AFCB,1e+007
AFCE,1e+007
AFF,1e+007
AFFX,1e+007
AFFY,1e+007
AFG,1e+007
AFH,1e+007
AFK,1e+007
AFL,1e+007
AFM,1e+007
AFOP,1e+007
AFQ,1e+007
AFSD,1e+007
AFSI,1e+007
AFT,1e+007
AFW,1e+007
AF_hyphen_C,1e+007
AG,1e+007
AGA,1e+007
AGC,1e+007
AGCO,1e+007
AGD,1e+007
AGEM,1e+007
AGEN,1e+007
AGF,1e+007
AGG,1e+007
AGI,1e+007
AGII,1e+007
AGIIL,1e+007
AGLS,1e+007
AGM,1e+007
AGM_dot_A,1e+007
AGM_hyphen_A,1e+007
AGN,1e+007
AGNC,1e+007
AGNCP,1e+007
AGO,1e+007
AGOL,1e+007
AGO_hyphen_B,1e+007
AGO_hyphen_E,1e+007
AGO_hyphen_F,1e+007
AGQ,1e+007
AGRO,1e+007
AGU,1e+007
AGX,1e+007
AGYS,1e+007
AGZ,1e+007
AH,1e+007
AHC,1e+007
AHGP,1e+007
AHL,1e+007
AHL_hyphen_,1e+007
AHL_hyphen_A,1e+007
AHL_hyphen_B,1e+007
AHS,1e+007
AHT,1e+007
AHT_hyphen_A,1e+007
AHT_hyphen_D,1e+007
AHT_hyphen_E,1e+007
AHY,1e+007
AI,1e+007
AIA,1e+007
AIB,1e+007
AIF,1e+007
AIG,-6.22796e-005
AIG_plus_,1e+007
AIM,1e+007
AIMC,1e+007
AIN,1e+007
AINV,-1.02487e-006
AIQ,1e+007
AIR,1e+007
AIRM,1e+007
AIRT,1e+007
AIT,1e+007
AIV,1e+007
AIV_hyphen_Z,1e+007
AIXG,1e+007
AIZ,1e+007
AJB,1e+007
AJG,1e+007
AKAM,0.000118693
AKG,-0.000170618
AKO_dot_A,1e+007
AKO_dot_B,1e+007
AKP,1e+007
AKR,1e+007
AKRX,1e+007
AKS,-3.69231e-007
AL,1e+007
ALB,1e+007
ALC,1e+007
ALCO,1e+007
ALCS,1e+007
ALD,1e+007
ALDW,1e+007
ALE,1e+007
ALEX,1e+007
ALFA,1e+007
ALG,1e+007
ALGN,1e+007
ALGT,1e+007
ALIM,1e+007
ALJ,1e+007
ALK,1e+007
ALKS,1e+007
ALL,1e+007
ALLB,1e+007
ALLT,1e+007
ALLY_hyphen_A,1e+007
ALLY_hyphen_B,1e+007
ALL_hyphen_B,1e+007
ALN,1e+007
ALNY,1e+007
ALOG,1e+007
ALOT,1e+007
ALP_hyphen_N,1e+007
ALP_hyphen_O,1e+007
ALP_hyphen_P,1e+007
ALR,1e+007
ALR_hyphen_B,1e+007
ALSK,1e+007
ALSN,1e+007
ALT,1e+007
ALTE,1e+007
ALTI,1e+007
ALTR,-2.90327e-005
ALTV,1e+007
ALU,1e+007
ALV,1e+007
ALVR,1e+007
ALX,1e+007
ALXA,1e+007
ALXN,1e+007
AM,1e+007
AMAG,1e+007
AMAP,1e+007
AMAT,-0.00023689
AMBA,1e+007
AMBT,1e+007
AMCC,1e+007
AMCF,1e+007
AMCN,1e+007
AMCX,1e+007
AMD,3.91767e-007
AME,1e+007
AMED,1e+007
AMG,1e+007
AMGN,1e+007
AMIC,1e+007
AMID,1e+007
AMJ,1e+007
AMKR,1e+007
AMLP,1e+007
AMNB,1e+007
AMOT,1e+007
AMOV,1e+007
AMP,1e+007
AMPE,1e+007
AMPS,1e+007
AMP_hyphen_A,1e+007
AMRB,1e+007
AMRC,1e+007
AMRE,1e+007
AMRI,1e+007
AMRN,1e+007
AMRS,1e+007
AMS,1e+007
AMSC,1e+007
AMSF,1e+007
AMSG,1e+007
AMSWA,1e+007
AMT,1e+007
AMTD,3.11948e-005
AMTG,1e+007
AMTG_hyphen_A,1e+007
AMU,1e+007
AMWD,1e+007
AMX,8.78515e-006
AMZN,1e+007
AN,1e+007
ANAC,1e+007
ANAD,1e+007
ANAT,1e+007
ANCB,1e+007
ANCX,1e+007
AND,1e+007
ANDAW,1e+007
ANDE,1e+007
ANEN,1e+007
ANF,1e+007
ANFI,1e+007
ANGI,1e+007
ANGL,1e+007
ANGO,1e+007
ANH,1e+007
ANH_hyphen_A,1e+007
ANH_hyphen_B,1e+007
ANIK,1e+007
ANLY,1e+007
ANN,1e+007
ANR,-5.9667e-005
ANSS,1e+007
ANTH,1e+007
ANTP,1e+007
ANV,-2.7364e-005
ANW,1e+007
AOA,1e+007
AOD,1e+007
AOI,1e+007
AOK,1e+007
AOL,1e+007
AOM,1e+007
AON,1e+007
AOR,1e+007
AOS,1e+007
AOSL,1e+007
AP,1e+007
APA,1e+007
APAGF,1e+007
APAM,1e+007
APA_hyphen_D,1e+007
APB,1e+007
APC,1e+007
APD,1e+007
APEI,1e+007
APF,1e+007
APFC,1e+007
APH,1e+007
API,1e+007
APL,1e+007
APO,1e+007
APOG,1e+007
APOL,1e+007
APP,1e+007
APPY,1e+007
APRI,1e+007
APSA,1e+007
APT,1e+007
APTS,1e+007
APU,1e+007
APWC,1e+007
AQ,1e+007
AQQ,1e+007
AQUUW,1e+007
ARAY,1e+007
ARB,1e+007
ARC,1e+007
ARCC,1e+007
ARCI,1e+007
ARCO,1e+007
ARCP,-0.000102265
ARCW,1e+007
ARDC,1e+007
ARDNA,1e+007
ARE,1e+007
AREX,1e+007
ARE_hyphen_E,1e+007
ARG,1e+007
ARGT,1e+007
ARH_hyphen_C,1e+007
ARI,1e+007
ARIA,0.00024354
ARII,1e+007
ARI_hyphen_A,1e+007
ARK,1e+007
ARKR,1e+007
ARL,1e+007
ARLP,1e+007
ARMH,-0.00116933
ARN,1e+007
ARNA,1e+007
ARO,1e+007
AROW,1e+007
ARP,1e+007
ARQL,1e+007
ARR,1e+007
ARRS,1e+007
ARRY,1e+007
ARR_hyphen_A,1e+007
ARR_hyphen_B,1e+007
ARSD,1e+007
ART,1e+007
ARTC,1e+007
ARTNA,1e+007
ARTW,1e+007
ARTX,1e+007
ARU,1e+007
ARUN,1e+007
ARW,1e+007
ARWR,1e+007
ARX,1e+007
ARY,1e+007
ASA,1e+007
ASBC,1e+007
ASBCW,1e+007
ASBI,1e+007
ASCA,1e+007
ASCMA,1e+007
ASDR,1e+007
ASEA,1e+007
ASEI,1e+007
ASFI,1e+007
ASG,1e+007
ASGN,1e+007
ASH,1e+007
ASI,1e+007
ASIA,1e+007
ASM,1e+007
ASMI,1e+007
ASML,1e+007
ASNA,1e+007
ASP,1e+007
ASPS,1e+007
ASR,1e+007
ASRV,1e+007
ASTC,1e+007
ASTE,1e+007
ASTI,1e+007
ASTM,1e+007
ASTX,1e+007
ASUR,1e+007
ASX,1e+007
ASYS,1e+007
AT,1e+007
ATAI,1e+007
ATAX,1e+007
ATE,1e+007
ATEA,1e+007
ATEC,1e+007
ATHN,1e+007
ATHX,1e+007
ATI,1e+007
ATK,1e+007
ATL,1e+007
ATLC,1e+007
ATLO,1e+007
ATLS,1e+007
ATMI,1e+007
ATML,-9.70446e-006
ATMP,1e+007
ATNI,1e+007
ATNY,1e+007
ATO,1e+007
ATOS,1e+007
ATR,1e+007
ATRC,1e+007
ATRI,1e+007
ATRM,1e+007
ATRO,1e+007
ATRS,1e+007
ATSG,1e+007
ATTU,1e+007
ATU,1e+007
ATV,1e+007
ATVI,0.000115007
ATW,1e+007
ATX,1e+007
AU,-1.059e-005
AUBN,1e+007
AUD,1e+007
AUDC,1e+007
AUMN,1e+007
AUNZ,1e+007
AUO,1e+007
AUQ,1e+007
AUSE,1e+007
AUXL,1e+007
AUY,5.05508e-005
AU_hyphen_A,1e+007
AV,1e+007
AVA,1e+007
AVAV,1e+007
AVB,1e+007
AVD,1e+007
AVEO,1e+007
AVG,1e+007
AVGO,1e+007
AVHI,1e+007
AVID,1e+007
AVIV,1e+007
AVK,1e+007
AVL,1e+007
AVNR,7.88494e-007
AVNW,1e+007
AVP,5.24941e-005
AVT,1e+007
AVV,1e+007
AVX,1e+007
AVY,1e+007
AWAY,1e+007
AWC,1e+007
AWF,1e+007
AWH,1e+007
AWI,1e+007
AWK,1e+007
AWP,1e+007
AWR,1e+007
AWRE,1e+007
AXAS,1e+007
AXDI,1e+007
AXDX,1e+007
AXE,1e+007
AXEN,1e+007
AXFN,1e+007
AXHE,1e+007
AXID,1e+007
AXIT,1e+007
AXJL,1e+007
AXL,1e+007
AXLL,1e+007
AXMT,1e+007
AXN,1e+007
AXP,-3.823e-005
AXR,1e+007
AXS,1e+007
AXSL,1e+007
AXS_hyphen_A,1e+007
AXS_hyphen_C,1e+007
AXTE,1e+007
AXTI,1e+007
AXU,1e+007
AXUT,1e+007
AXX,1e+007
AYI,1e+007
AYN,1e+007
AYR,1e+007
AZC,1e+007
AZIA,1e+007
AZK,1e+007
AZN,1e+007
AZO,1e+007
AZPN,1e+007
AZZ,1e+007
B,1e+007
BA,1e+007
BAA,1e+007
BAB,1e+007
BABS,1e+007
BABY,1e+007
BABZ,1e+007
BAC,-2.46077e-005
BAC_hyphen_D,1e+007
BAC_hyphen_E,1e+007
BAC_hyphen_H_star_,1e+007
BAC_hyphen_I,1e+007
BAC_hyphen_J,1e+007
BAC_hyphen_L,1e+007
BAC_hyphen_Z,1e+007
BAC_plus_A,1e+007
BAC_plus_B,1e+007
BAF,1e+007
BAGL,1e+007
BAGR,1e+007
BAH,1e+007
BAK,1e+007
BAL,1e+007
BALT,1e+007
BAM,1e+007
BAMM,1e+007
BANC,1e+007
BANCL,1e+007
BANF,1e+007
BANR,1e+007
BAP,1e+007
BAS,1e+007
BAX,1e+007
BBBY,1e+007
BBCN,1e+007
BBD,8.43244e-005
BBDO,1e+007
BBEP,1e+007
BBF,1e+007
BBG,1e+007
BBGI,1e+007
BBH,1e+007
BBK,1e+007
BBL,1e+007
BBN,1e+007
BBNK,1e+007
BBOX,1e+007
BBRC,1e+007
BBRG,1e+007
BBRY,-2.37448e-005
BBSI,1e+007
BBT,-8.21377e-005
BBT_hyphen_D,1e+007
BBT_hyphen_E,1e+007
BBT_hyphen_F,1e+007
BBVA,1e+007
BBW,1e+007
BBX,1e+007
BBY,0.000105934
BC,1e+007
BCA,1e+007
BCBP,1e+007
BCC,1e+007
BCE,1e+007
BCEI,1e+007
BCF,1e+007
BCH,1e+007
BCM,1e+007
BCO,1e+007
BCOM,1e+007
BCOR,1e+007
BCOV,1e+007
BCPC,1e+007
BCR,1e+007
BCRX,1e+007
BCS,1e+007
BCSB,1e+007
BCS_hyphen_,1e+007
BCS_hyphen_A,1e+007
BCS_hyphen_C,1e+007
BCS_hyphen_D,1e+007
BCV,1e+007
BCX,1e+007
BDBD,1e+007
BDC,1e+007
BDCL,1e+007
BDCS,1e+007
BDD,1e+007
BDE,1e+007
BDGE,1e+007
BDJ,1e+007
BDMS,1e+007
BDN,1e+007
BDN_hyphen_E,1e+007
BDSI,1e+007
BDX,1e+007
BEAM,1e+007
BEAT,1e+007
BEAV,-0.000195161
BEBE,1e+007
BECN,1e+007
BEE,1e+007
BEE_hyphen_A,1e+007
BEE_hyphen_B,1e+007
BEE_hyphen_C,1e+007
BELFA,1e+007
BELFB,1e+007
BEN,1e+007
BERK,1e+007
BERY,1e+007
BFAM,1e+007
BFIN,1e+007
BFK,1e+007
BFLY,1e+007
BFO,1e+007
BFR,1e+007
BFS,1e+007
BFS_hyphen_A,1e+007
BFS_hyphen_C,1e+007
BFY,1e+007
BFZ,1e+007
BF_dot_A,1e+007
BF_dot_B,1e+007
BG,1e+007
BGB,1e+007
BGC,1e+007
BGCA,1e+007
BGCP,1e+007
BGE_hyphen_B,1e+007
BGFV,1e+007
BGG,1e+007
BGH,1e+007
BGMD,1e+007
BGR,1e+007
BGS,1e+007
BGSC,1e+007
BGSCW,1e+007
BGT,1e+007
BGX,1e+007
BGY,1e+007
BH,1e+007
BHB,1e+007
BHD,1e+007
BHE,1e+007
BHI,-2.56972e-005
BHK,1e+007
BHL,1e+007
BHLB,1e+007
BHP,1e+007
BHV,1e+007
BHY,1e+007
BIB,1e+007
BICK,1e+007
BID,1e+007
BIDU,-0.000635163
BIE,1e+007
BIF,1e+007
BIG,1e+007
BIIB,1e+007
BIK,1e+007
BIL,1e+007
BIN,1e+007
BIO,1e+007
BIOD,1e+007
BIOF,1e+007
BIOL,1e+007
BIOS,1e+007
BIP,1e+007
BIRT,1e+007
BIR_hyphen_A,1e+007
BIS,1e+007
BIT,1e+007
BITA,1e+007
BIV,1e+007
BIZD,1e+007
BJK,1e+007
BJRI,1e+007
BJZ,1e+007
BK,-0.000162062
BKCC,1e+007
BKD,1e+007
BKE,1e+007
BKEP,1e+007
BKEPP,1e+007
BKF,1e+007
BKH,1e+007
BKI,1e+007
BKJ,1e+007
BKK,1e+007
BKLN,1e+007
BKMU,1e+007
BKN,1e+007
BKOR,1e+007
BKR,1e+007
BKS,1e+007
BKSC,1e+007
BKT,1e+007
BKU,1e+007
BKW,1e+007
BKYF,1e+007
BK_hyphen_C,1e+007
BLC,1e+007
BLDP,1e+007
BLDR,1e+007
BLE,1e+007
BLH,1e+007
BLIN,1e+007
BLJ,1e+007
BLK,1e+007
BLKB,1e+007
BLL,1e+007
BLMN,1e+007
BLMT,1e+007
BLOX,1e+007
BLRX,1e+007
BLT,1e+007
BLV,1e+007
BLW,1e+007
BLX,1e+007
BMA,1e+007
BMC,1e+007
BME,1e+007
BMI,1e+007
BMJ,1e+007
BML_hyphen_G,1e+007
BML_hyphen_H,1e+007
BML_hyphen_I,1e+007
BML_hyphen_J,1e+007
BML_hyphen_L,1e+007
BML_hyphen_N,1e+007
BML_hyphen_Q_star_,1e+007
BMO,0.000119806
BMR,1e+007
BMRC,1e+007
BMRN,1e+007
BMS,1e+007
BMTC,1e+007
BMY,0.000284691
BNA,1e+007
BNCL,1e+007
BNCN,1e+007
BND,1e+007
BNJ,1e+007
BNNY,1e+007
BNO,1e+007
BNS,1e+007
BNSO,1e+007
BNY,1e+007
BOBE,1e+007
BOCH,1e+007
BODY,1e+007
BOE,1e+007
BOFI,1e+007
BOH,1e+007
BOI,1e+007
BOIL,1e+007
BOKF,1e+007
BOLT,1e+007
BOM,1e+007
BONA,1e+007
BOND,1e+007
BONE,1e+007
BONO,1e+007
BONT,1e+007
BOOM,1e+007
BORN,1e+007
BOSC,1e+007
BOTA,1e+007
BOX,1e+007
BOXC,1e+007
BP,4.66451e-005
BPAX,1e+007
BPFH,1e+007
BPFHW,1e+007
BPI,1e+007
BPK,1e+007
BPL,1e+007
BPO,1e+007
BPOP,1e+007
BPOPM,1e+007
BPOPN,1e+007
BPS,1e+007
BPT,1e+007
BPY,-3.17054e-005
BPZ,1e+007
BQH,1e+007
BQR,1e+007
BQY,1e+007
BR,1e+007
BRAF,1e+007
BRAQ,1e+007
BRAZ,1e+007
BRC,1e+007
BRCD,2.8751e-006
BRCM,-2.42623e-005
BRD,1e+007
BRE,1e+007
BREW,1e+007
BRF,1e+007
BRFS,1e+007
BRID,1e+007
BRKL,1e+007
BRKR,1e+007
BRKS,1e+007
BRK_dot_A,-1.#IND
BRK_dot_B,1e+007
BRLI,1e+007
BRO,1e+007
BRP,1e+007
BRS,1e+007
BRT,1e+007
BRXX,1e+007
BRY,1e+007
BRZU,1e+007
BSAC,1e+007
BSBR,1e+007
BSCD,1e+007
BSCE,1e+007
BSCF,1e+007
BSCG,1e+007
BSCH,1e+007
BSCI,1e+007
BSCJ,1e+007
BSCK,1e+007
BSD,1e+007
BSDM,1e+007
BSE,1e+007
BSET,1e+007
BSFT,1e+007
BSI,1e+007
BSJD,1e+007
BSJE,1e+007
BSJF,1e+007
BSJG,1e+007
BSJH,1e+007
BSJI,1e+007
BSL,1e+007
BSMX,1e+007
BSP,1e+007
BSPM,1e+007
BSQR,1e+007
BSRR,1e+007
BSTC,1e+007
BSV,1e+007
BSX,-6.17011e-005
BT,1e+007
BTA,1e+007
BTAL,1e+007
BTE,1e+007
BTF,1e+007
BTH,1e+007
BTI,1e+007
BTN,1e+007
BTO,1e+007
BTT,1e+007
BTU,1.59947e-005
BTUI,1e+007
BTX,1e+007
BTZ,1e+007
BUD,1e+007
BUI,1e+007
BUND,1e+007
BUNT,1e+007
BUR,1e+007
BUSE,1e+007
BV,1e+007
BVN,1e+007
BVSN,1e+007
BVX,1e+007
BWA,1e+007
BWC,1e+007
BWEN,1e+007
BWG,1e+007
BWINA,1e+007
BWINB,1e+007
BWLD,1e+007
BWP,1e+007
BWS,1e+007
BWV,1e+007
BWX,1e+007
BWZ,1e+007
BX,-4.74829e-006
BXC,1e+007
BXDB,1e+007
BXE,1e+007
BXP,1e+007
BXP_hyphen_B,1e+007
BXS,1e+007
BXS_hyphen_A,1e+007
BXUB,1e+007
BYD,-0.000242275
BYFC,1e+007
BYI,1e+007
BYM,1e+007
BZ,1e+007
BZC,1e+007
BZF,1e+007
BZH,1e+007
BZM,1e+007
BZQ,1e+007
BZT,1e+007
BZU,1e+007
C,-3.69393e-005
CA,-1.27439e-006
CAAS,1e+007
CAB,1e+007
CAC,1e+007
CACB,1e+007
CACC,1e+007
CACH,1e+007
CACHR,1e+007
CACI,1e+007
CAD,1e+007
CADC,1e+007
CADX,1e+007
CAE,1e+007
CAF,1e+007
CAFE,1e+007
CAFI,1e+007
CAG,-0.000155617
CAH,1e+007
CAJ,1e+007
CAK,1e+007
CAKE,1e+007
CALD,1e+007
CALI,1e+007
CALL,1e+007
CALM,1e+007
CALX,1e+007
CAM,1e+007
CAMP,1e+007
CAMT,1e+007
CAP,1e+007
CAPE,1e+007
CAR,1e+007
CARB,1e+007
CARV,1e+007
CARZ,1e+007
CAS,1e+007
CASH,1e+007
CASM,1e+007
CASS,1e+007
CASY,1e+007
CAT,0.000342959
CATM,1e+007
CATO,1e+007
CATY,1e+007
CAVM,1e+007
CAW,1e+007
CB,1e+007
CBAK,1e+007
CBAN,1e+007
CBB,1e+007
CBB_hyphen_B,1e+007
CBD,1e+007
CBEY,1e+007
CBF,1e+007
CBG,1e+007
CBI,1e+007
CBIN,1e+007
CBK,1e+007
CBL,1e+007
CBLI,1e+007
CBL_hyphen_D,1e+007
CBL_hyphen_E,1e+007
CBM,1e+007
CBMX,1e+007
CBMXW,1e+007
CBND,1e+007
CBNJ,1e+007
CBNK,1e+007
CBO,1e+007
CBOE,1e+007
CBPO,1e+007
CBR,1e+007
CBRL,1e+007
CBRX,1e+007
CBS,-0.00013016
CBSH,1e+007
CBST,1e+007
CBS_dot_A,1e+007
CBT,1e+007
CBU,1e+007
CBX,1e+007
CBZ,1e+007
CCA,1e+007
CCBG,1e+007
CCC,1e+007
CCCL,1e+007
CCE,6.7058e-006
CCF,1e+007
CCG,1e+007
CCG_hyphen_A,1e+007
CCI,1e+007
CCIH,1e+007
CCIX,1e+007
CCJ,1e+007
CCK,1e+007
CCL,3.70485e-006
CCM,1e+007
CCMP,1e+007
CCNE,1e+007
CCO,1e+007
CCOI,1e+007
CCRN,1e+007
CCSC,1e+007
CCU,1e+007
CCUR,1e+007
CCV,1e+007
CCX,1e+007
CCXE,1e+007
CCXI,1e+007
CDE,1e+007
CDE_plus_,1e+007
CDI,1e+007
CDNS,3.31878e-005
CDR,1e+007
CDR_hyphen_B,1e+007
CDTI,1e+007
CDXS,1e+007
CDY,1e+007
CDZI,1e+007
CE,1e+007
CEA,1e+007
CEB,1e+007
CEC,1e+007
CECE,1e+007
CECO,1e+007
CEDU,1e+007
CEE,1e+007
CEF,1e+007
CEG_hyphen_A,1e+007
CEL,1e+007
CELG,1e+007
CELGZ,1e+007
CEM,1e+007
CEMB,1e+007
CEMI,1e+007
CEMP,1e+007
CENT,1e+007
CENTA,1e+007
CENX,1e+007
CEO,1e+007
CEP,1e+007
CERE,1e+007
CERN,1e+007
CERS,1e+007
CET,1e+007
CETV,1e+007
CEV,1e+007
CEVA,1e+007
CEW,1e+007
CF,1e+007
CFC_hyphen_A,1e+007
CFC_hyphen_B,1e+007
CFD,1e+007
CFFI,1e+007
CFFN,1e+007
CFI,1e+007
CFN,1e+007
CFNB,1e+007
CFNL,1e+007
CFP,1e+007
CFR,1e+007
CFR_hyphen_A,1e+007
CFT,1e+007
CFX,1e+007
CG,1e+007
CGA,1e+007
CGEN,1e+007
CGG,1e+007
CGI,1e+007
CGNX,1e+007
CGO,1e+007
CGR,1e+007
CGW,1e+007
CGX,1e+007
CH,1e+007
CHA,1e+007
CHC,1e+007
CHCI,1e+007
CHCO,1e+007
CHC_plus_,1e+007
CHD,1e+007
CHDN,1e+007
CHDX,1e+007
CHE,1e+007
CHEF,1e+007
CHEP,1e+007
CHEV,1e+007
CHFC,1e+007
CHFN,1e+007
CHG,1e+007
CHGS,1e+007
CHH,1e+007
CHI,1e+007
CHIE,1e+007
CHIM,1e+007
CHIQ,1e+007
CHIX,1e+007
CHK,-8.86196e-006
CHKE,1e+007
CHKP,1e+007
CHKR,1e+007
CHK_hyphen_D,1e+007
CHL,1e+007
CHLN,1e+007
CHMG,1e+007
CHMT,1e+007
CHN,1e+007
CHNR,1e+007
CHOC,1e+007
CHOP,1e+007
CHRM,1e+007
CHRW,1e+007
CHS,3.2145e-005
CHSCP,1e+007
CHSP,1e+007
CHSP_hyphen_A,1e+007
CHT,1e+007
CHTP,1e+007
CHTR,1e+007
CHU,1e+007
CHUY,1e+007
CHW,1e+007
CHXF,1e+007
CHXX,1e+007
CHY,1e+007
CHYR,1e+007
CI,1e+007
CIA,1e+007
CIB,1e+007
CIDM,1e+007
CIE,1e+007
CIEN,1e+007
CIF,1e+007
CIFC,1e+007
CIG,1e+007
CII,1e+007
CIK,1e+007
CIM,1e+007
CIMT,1e+007
CINF,1e+007
CIR,1e+007
CIS,1e+007
CISAA,1e+007
CISAU,1e+007
CISG,1e+007
CIT,1e+007
CITZ,1e+007
CIU,1e+007
CIX,1e+007
CIZN,1e+007
CJES,1e+007
CJJD,1e+007
CKEC,1e+007
CKH,1e+007
CKP,1e+007
CKSW,1e+007
CKX,1e+007
CL,1e+007
CLB,1e+007
CLBH,1e+007
CLC,1e+007
CLCT,1e+007
CLD,1e+007
CLDT,1e+007
CLDX,1e+007
CLF,5.89555e-006
CLFD,1e+007
CLGX,1e+007
CLH,1e+007
CLI,1e+007
CLIR,1e+007
CLM,1e+007
CLMS,1e+007
CLMT,1e+007
CLNE,1e+007
CLNT,1e+007
CLNY,1e+007
CLNY_hyphen_A,1e+007
CLP,1e+007
CLR,1e+007
CLRO,1e+007
CLRX,1e+007
CLS,1e+007
CLSN,1e+007
CLUB,1e+007
CLV,1e+007
CLVS,1e+007
CLW,1e+007
CLWR,-1.9741e-005
CLWT,1e+007
CLX,1e+007
CLY,1e+007
CM,1e+007
CMA,1e+007
CMA_plus_,1e+007
CMBS,1e+007
CMC,1e+007
CMCO,1e+007
CMCSA,6.98361e-005
CMCSK,-0.000214239
CMD,1e+007
CME,1e+007
CMF,1e+007
CMFO,1e+007
CMG,1e+007
CMGE,1e+007
CMI,1e+007
CMK,1e+007
CMLP,1e+007
CMLS,1e+007
CMN,1e+007
CMO,1e+007
CMO_hyphen_B,1e+007
CMP,1e+007
CMRE,1e+007
CMRX,1e+007
CMS,1e+007
CMSB,1e+007
CMS_hyphen_B,1e+007
CMT,1e+007
CMTL,1e+007
CMU,1e+007
CNA,1e+007
CNAM,1e+007
CNBC,1e+007
CNBKA,1e+007
CNC,1e+007
CNCO,1e+007
CNDA,1e+007
CNDO,1e+007
CNET,1e+007
CNH,1e+007
CNI,1e+007
CNIT,1e+007
CNK,1e+007
CNL,1e+007
CNMD,1e+007
CNO,1e+007
CNOB,1e+007
CNP,-7.25357e-005
CNPF,1e+007
CNQ,-0.000188298
CNQR,1e+007
CNR,1e+007
CNS,1e+007
CNSI,1e+007
CNSL,1e+007
CNTF,1e+007
CNTY,1e+007
CNW,1e+007
CNX,1e+007
CNY,1e+007
CNYD,1e+007
CO,1e+007
COA,1e+007
COBK,1e+007
COBR,1e+007
COBZ,1e+007
COCO,1e+007
CODE,1e+007
CODI,1e+007
COF,1e+007
COF_hyphen_P,1e+007
COF_plus_,1e+007
COG,1e+007
COGO,1e+007
COH,-2.11205e-006
COHR,1e+007
COHU,1e+007
COKE,1e+007
COL,1e+007
COLB,1e+007
COLM,1e+007
COLX,1e+007
CONE,1e+007
CONN,1e+007
COO,1e+007
COOL,1e+007
COP,-7.65032e-005
COPX,1e+007
COR,1e+007
CORE,1e+007
CORN,1e+007
CORP,1e+007
CORR,1e+007
CORT,1e+007
COR_hyphen_A,1e+007
COSI,1e+007
COST,1e+007
COT,1e+007
COV,1e+007
COVR,1e+007
COW,1e+007
COWN,1e+007
COY,1e+007
CP,1e+007
CPA,1e+007
CPAC,1e+007
CPAH,1e+007
CPB,1e+007
CPBC,1e+007
CPE,1e+007
CPER,1e+007
CPF,1e+007
CPGI,1e+007
CPHC,1e+007
CPHD,1e+007
CPHI,1e+007
CPI,1e+007
CPIX,1e+007
CPK,1e+007
CPL,1e+007
CPLA,1e+007
CPLP,1e+007
CPN,-2.28702e-005
CPNO,1e+007
CPRT,1e+007
CPRX,1e+007
CPSI,1e+007
CPSL,1e+007
CPSS,1e+007
CPST,1e+007
CPT,1e+007
CPTS,1e+007
CPWR,1e+007
CQB,1e+007
CQP,1e+007
CQQQ,1e+007
CR,1e+007
CRAI,1e+007
CRAY,1e+007
CRBQ,1e+007
CRC,1e+007
CRDC,1e+007
CRDS,1e+007
CRD_dot_A,1e+007
CRD_dot_B,1e+007
CREE,1e+007
CREG,1e+007
CRESY,1e+007
CRF,1e+007
CRFN,1e+007
CRH,1e+007
CRI,1e+007
CRIS,1e+007
CRK,1e+007
CRL,1e+007
CRM,1e+007
CRMB,1e+007
CRMBU,1e+007
CRMD,1e+007
CRME,1e+007
CRMT,1e+007
CRNT,1e+007
CROC,1e+007
CROP,1e+007
CROX,1e+007
CRR,1e+007
CRRB,1e+007
CRRC,1e+007
CRS,1e+007
CRT,1e+007
CRTX,1e+007
CRUS,1e+007
CRV,1e+007
CRVL,1e+007
CRWN,1e+007
CRWS,1e+007
CRY,1e+007
CRZO,1e+007
CS,1e+007
CSBK,1e+007
CSC,1e+007
CSCD,1e+007
CSCO,-1.28376e-005
CSD,1e+007
CSE,-6.94413e-006
CSFL,1e+007
CSFS,1e+007
CSGP,1e+007
CSGS,1e+007
CSH,1e+007
CSI,1e+007
CSII,1e+007
CSIQ,1e+007
CSJ,1e+007
CSL,1e+007
CSM,1e+007
CSMA,1e+007
CSOD,1e+007
CSP,1e+007
CSPI,1e+007
CSQ,1e+007
CSRE,1e+007
CSS,1e+007
CSTE,1e+007
CSTR,1e+007
CST_hash_,1e+007
CSU,1e+007
CSUN,1e+007
CSV,1e+007
CSWC,1e+007
CSX,-2.0066e-005
CT,1e+007
CTAS,1e+007
CTB,1e+007
CTBI,1e+007
CTC,1e+007
CTCH,1e+007
CTCM,1e+007
CTCT,1e+007
CTF,1e+007
CTGX,1e+007
CTHR,1e+007
CTIB,1e+007
CTIC,1e+007
CTL,1.95842e-005
CTO,1e+007
CTP,1e+007
CTQ,1e+007
CTR,1e+007
CTRN,1e+007
CTRP,1e+007
CTRX,1e+007
CTS,1e+007
CTSH,0.000871739
CTU,1e+007
CTW,1e+007
CTWS,1e+007
CTX,1e+007
CTXS,1e+007
CTZ_hyphen_A,1e+007
CU,1e+007
CUB,1e+007
CUBA,1e+007
CUBE,1e+007
CUBE_hyphen_A,1e+007
CUI,1e+007
CUK,1e+007
CUNB,1e+007
CUO,1e+007
CUR,1e+007
CURE,1e+007
CUT,1e+007
CUTR,1e+007
CUZ,1e+007
CUZ_hyphen_A_star_,1e+007
CUZ_hyphen_B,1e+007
CVA,1e+007
CVB,1e+007
CVBF,1e+007
CVC,1e+007
CVCO,1e+007
CVCY,1e+007
CVD,1e+007
CVE,1e+007
CVG,1e+007
CVGI,1e+007
CVGW,1e+007
CVH,1e+007
CVI,1e+007
CVLT,1e+007
CVLY,1e+007
CVM,1e+007
CVO,1e+007
CVOL,1e+007
CVR,1e+007
CVRR,1e+007
CVS,1e+007
CVTI,1e+007
CVU,1e+007
CVV,1e+007
CVX,4.26717e-005
CVY,1e+007
CW,1e+007
CWB,1e+007
CWBC,1e+007
CWCO,1e+007
CWEI,1e+007
CWH,1e+007
CWHN,1e+007
CWHO,1e+007
CWH_hyphen_D,1e+007
CWH_hyphen_E,1e+007
CWI,1e+007
CWST,1e+007
CWT,1e+007
CWTR,1e+007
CWZ,1e+007
CX,-8.46324e-006
CXA,1e+007
CXDC,1e+007
CXE,1e+007
CXH,1e+007
CXM,1e+007
CXO,1e+007
CXPO,1e+007
CXS,1e+007
CXW,1e+007
CXZ,1e+007
CY,1e+007
CYAN,1e+007
CYB,1e+007
CYBE,1e+007
CYBX,1e+007
CYCC,1e+007
CYD,1e+007
CYE,1e+007
CYH,1e+007
CYMI,1e+007
CYN,1e+007
CYNO,1e+007
CYN_hyphen_C,1e+007
CYOU,1e+007
CYS,1e+007
CYS_hyphen_A,1e+007
CYT,1e+007
CYTK,1e+007
CYTR,1e+007
CYTX,1e+007
CYTXW,1e+007
CZA,1e+007
CZFC,1e+007
CZNC,1e+007
CZR,1e+007
CZWI,1e+007
CZZ,1e+007
C_hyphen_C,1e+007
C_hyphen_E,1e+007
C_hyphen_I,1e+007
C_hyphen_M,1e+007
C_hyphen_N,1e+007
C_hyphen_P,1e+007
C_hyphen_Q,1e+007
C_hyphen_R,1e+007
C_hyphen_S,1e+007
C_hyphen_W,1e+007
C_plus_A,1e+007
C_plus_B,1e+007
D,1e+007
DAC,1e+007
DAEG,1e+007
DAG,1e+007
DAIO,1e+007
DAKT,1e+007
DAL,-3.57755e-005
DAN,1e+007
DANG,1e+007
DAR,1e+007
DARA,1e+007
DATE,1e+007
DAVE,1e+007
DB,1e+007
DBA,1e+007
DBB,1e+007
DBC,1e+007
DBCN,1e+007
DBD,1e+007
DBE,1e+007
DBEF,1e+007
DBEM,1e+007
DBIZ,1e+007
DBJP,1e+007
DBL,1e+007
DBLE,1e+007
DBLEP,1e+007
CXDC,1e+007
CXE,1e+007
CXH,1e+007
CXM,1e+007
DBO,1e+007
DBP,1e+007
DBS,1e+007
DBU,1e+007
DBV,1e+007
DCA,1e+007
DCE,1e+007
DCI,1e+007
DCIN,1e+007
DCIX,1e+007
DCM,1e+007
DCNG,1e+007
DCO,1e+007
DCOM,1e+007
DCT,1e+007
DCTH,1e+007
DD,0.000386253
DDC,1e+007
DDD,1e+007
DDE,1e+007
DDF,1e+007
DDG,1e+007
DDM,0.00065756
DDP,1e+007
DDR,3.84706e-005
DDR_hyphen_H,1e+007
DDR_hyphen_J,1e+007
DDR_hyphen_K,1e+007
DDS,1e+007
DDT,1e+007
DD_hyphen_A,1e+007
DD_hyphen_B,1e+007
DE,1e+007
DECK,1e+007
DEF,1e+007
DEG,1e+007
DEI,1e+007
DEJ,1e+007
DEL,1e+007
DELL,-3.82446e-005
DEM,1e+007
DENN,1e+007
DEO,1e+007
DEPO,1e+007
DES,1e+007
DEST,1e+007
DEW,1e+007
DEX,1e+007
DEXO,1e+007
DF,1e+007
DFE,1e+007
DFF,1e+007
DFJ,1e+007
DFRG,1e+007
DFS,-3.00227e-005
DFS_hyphen_B,1e+007
DFT,1e+007
DFT_hyphen_A,1e+007
DFT_hyphen_B,1e+007
DFVS,1e+007
DFZ,1e+007
DG,-7.7296e-005
DGAS,1e+007
DGAZ,1e+007
DGI,1e+007
DGICA,1e+007
DGICB,1e+007
DGII,1e+007
DGIT,1e+007
DGL,1e+007
DGLD,1e+007
DGP,1e+007
DGS,1e+007
DGSE,1e+007
DGT,1e+007
DGX,2.58028e-005
DGZ,1e+007
DHF,1e+007
DHG,1e+007
DHI,-8.38423e-005
DHIL,1e+007
DHR,-4.82005e-006
DHRM,1e+007
DHS,1e+007
DHT,1e+007
DHX,1e+007
DHY,1e+007
DIA,-0.000600846
DIG,1e+007
DIM,1e+007
DIN,1e+007
DIOD,1e+007
DIS,1.38058e-005
DISCA,1e+007
DISCK,1e+007
DISH,1e+007
DIT,1e+007
DIV,1e+007
DJCI,1e+007
DJCO,1e+007
DJP,1e+007
DK,1e+007
DKL,1e+007
DKS,1e+007
DKT,1e+007
DL,1e+007
DLA,1e+007
DLB,1e+007
DLBL,1e+007
DLBS,1e+007
DLHC,1e+007
DLIA,1e+007
DLLR,1e+007
DLN,1e+007
DLPH,1e+007
DLR,1e+007
DLR_hyphen_E,1e+007
DLR_hyphen_F,1e+007
DLR_hyphen_G,1e+007
DLS,1e+007
DLTR,1e+007
DLX,1e+007
DM,1e+007
DMD,1e+007
DMF,1e+007
DMLP,1e+007
DMND,1e+007
DMO,1e+007
DMRC,1e+007
DM_hyphen_B,1e+007
DNB,1e+007
DNBF,1e+007
DNDN,4.21864e-005
DNI,1e+007
DNKN,1e+007
DNL,1e+007
DNN,1e+007
DNO,1e+007
DNP,1e+007
DNR,-3.65937e-005
DNY,1e+007
DO,1e+007
DOD,1e+007
DOG,1e+007
DOIL,1e+007
DOL,1e+007
DOLE,1e+007
DOM,1e+007
DON,1e+007
DOO,1e+007
DORM,1e+007
DOV,1e+007
DOVR,1e+007
DOW,6.68941e-005
DOX,1e+007
DPD,1e+007
DPG,1e+007
DPK,1e+007
DPM,1e+007
DPO,1e+007
DPS,-0.000103046
DPU,1e+007
DPW,1e+007
DPZ,1e+007
DQ,1e+007
DRAD,1e+007
DRAM,1e+007
DRC,1e+007
DRCO,1e+007
DRD,1e+007
DRE,1e+007
DRE_hyphen_J,1e+007
DRE_hyphen_K,1e+007
DRE_hyphen_L,1e+007
DRGS,1e+007
DRH,1e+007
DRI,1e+007
DRIV,1e+007
DRL,1e+007
DRN,1e+007
DRQ,1e+007
DRR,1e+007
DRRX,1e+007
DRTX,1e+007
DRU,1e+007
DRV,1e+007
DRW,1e+007
DRWI,1e+007
DRYS,1e+007
DSCI,1e+007
DSCO,1e+007
DSGX,1e+007
DSI,1e+007
DSKX,1e+007
DSLV,1e+007
DSM,1e+007
DSPG,1e+007
DSS,1e+007
DST,1e+007
DSU,1e+007
DSUM,1e+007
DSW,1e+007
DSWL,1e+007
DSX,1e+007
DTD,1e+007
DTE,1e+007
DTF,1e+007
DTH,1e+007
DTK,1e+007
DTLK,1e+007
DTN,1e+007
DTO,1e+007
DTQ,1e+007
DTSI,1e+007
DTT,1e+007
DTUS,1e+007
DTV,1e+007
DTYL,1e+007
DTYS,1e+007
DTZ,1e+007
DUA,1e+007
DUC,1e+007
DUG,1e+007
DUK,1e+007
DUKH,1e+007
DUST,1e+007
DV,1e+007
DVA,1e+007
DVAX,1e+007
DVCR,1e+007
DVD,1e+007
DVM,1e+007
DVN,1e+007
DVR,1e+007
DVY,7.95157e-006
DVYA,1e+007
DVYE,1e+007
DVYL,1e+007
DW,1e+007
DWA,1e+007
DWAS,1e+007
DWCH,1e+007
DWM,1e+007
DWRE,1e+007
DWSN,1e+007
DWTI,1e+007
DWX,1e+007
DX,1e+007
DXB,1e+007
DXCM,1e+007
DXD,-0.000151913
DXJ,7.32032e-005
DXLG,1e+007
DXPE,1e+007
DXR,1e+007
DXYN,1e+007
DX_hyphen_A,1e+007
DX_hyphen_B,1e+007
DY,1e+007
DYAX,1e+007
DYN,1e+007
DYNT,1e+007
DYN_plus_,1e+007
DYSL,1e+007
DYY,1e+007
DZK,1e+007
DZZ,1e+007
E,1e+007
EA,1e+007
EAA,1e+007
EAB,1e+007
EAC,1e+007
EAD,1e+007
EAPS,1e+007
EAT,1e+007
EBAY,-0.00013653
EBF,1e+007
EBIX,1e+007
EBMT,1e+007
EBND,1e+007
EBR,1e+007
EBR_dot_B,1e+007
EBS,1e+007
EBSB,1e+007
EBTC,1e+007
EC,1e+007
ECA,0.000349998
ECF,1e+007
ECH,1e+007
ECHO,1e+007
ECL,1e+007
ECNS,1e+007
ECOL,1e+007
ECON,1e+007
ECPG,1e+007
ECT,1e+007
ECTE,1e+007
ECTY,1e+007
ECYT,1e+007
ED,1e+007
EDAC,1e+007
EDAP,1e+007
EDC,-0.00123539
EDD,1e+007
EDE,1e+007
EDEN,1e+007
EDF,1e+007
EDG,1e+007
EDGW,1e+007
EDI,1e+007
EDIV,1e+007
EDMC,1e+007
EDN,1e+007
EDR,1e+007
EDT,1e+007
EDU,1e+007
EDUC,1e+007
EDV,1e+007
EDZ,1e+007
EE,1e+007
EEA,1e+007
EEB,1e+007
EEFT,1e+007
EEHB,1e+007
EEI,1e+007
EELV,1e+007
EEM,3.29806e-005
EEMA,1e+007
EEME,1e+007
EEML,1e+007
EEMS,1e+007
EEMV,1e+007
EEP,1e+007
EEQ,1e+007
EES,1e+007
EET,1e+007
EEV,1e+007
EFA,4.55104e-005
EFAV,1e+007
EFC,1e+007
EFG,1e+007
EFII,1e+007
EFM,1e+007
EFNL,1e+007
EFO,1e+007
EFR,1e+007
EFSC,1e+007
EFT,1e+007
EFU,1e+007
EFUT,1e+007
EFV,1e+007
EFX,1e+007
EFZ,1e+007
EGAN,1e+007
EGAS,1e+007
EGBN,1e+007
EGF,1e+007
EGHT,1e+007
EGI,1e+007
EGL,1e+007
EGLE,1e+007
EGN,1e+007
EGO,-0.000126009
EGOV,1e+007
EGP,1e+007
EGPT,1e+007
EGT,1e+007
EGY,1e+007
EHI,1e+007
EHTH,1e+007
EIA,1e+007
EIDO,1e+007
EIG,1e+007
EIHI,1e+007
EIM,1e+007
EIO,1e+007
EIP,1e+007
EIRL,1e+007
EIS,1e+007
EIV,1e+007
EIX,1e+007
EJ,1e+007
EL,1e+007
ELA,1e+007
ELB,1e+007
ELD,1e+007
ELGX,1e+007
ELJ,1e+007
ELLI,1e+007
ELLO,1e+007
ELN,1.20513e-005
ELNK,1e+007
ELON,1e+007
ELOS,1e+007
ELP,1e+007
ELR,1e+007
ELRC,1e+007
ELS,1e+007
ELSE,1e+007
ELS_hyphen_C,1e+007
ELTK,1e+007
ELX,1e+007
ELY,1e+007
EMAN,1e+007
EMB,1e+007
EMC,-4.69139e-005
EMCB,1e+007
EMCD,1e+007
EMCF,1e+007
EMCI,1e+007
EMCR,1e+007
EMD,1e+007
EMDD,1e+007
EMDI,1e+007
EMDR,1e+007
EME,1e+007
EMF,1e+007
EMFN,1e+007
EMHY,1e+007
EMI,1e+007
EMIF,1e+007
EMITF,1e+007
EMJ,1e+007
EMKR,1e+007
EML,1e+007
EMLC,1e+007
EMLP,1e+007
EMM,1e+007
EMMS,1e+007
EMN,1e+007
EMO,1e+007
EMQ,1e+007
EMR,1e+007
EMT,1e+007
EMXX,1e+007
EMZ,1e+007
ENB,1e+007
END,1e+007
ENDP,1e+007
ENG,1e+007
ENH,1e+007
ENH_hyphen_A,1e+007
ENH_hyphen_B,1e+007
ENI,1e+007
ENJ,1e+007
ENL,1e+007
ENMD,1e+007
ENOC,1e+007
ENOR,1e+007
ENPH,1e+007
ENR,1e+007
ENS,1e+007
ENSG,1e+007
ENT,1e+007
ENTA,1e+007
ENTG,1e+007
ENTR,1e+007
ENV,1e+007
ENVI,1e+007
ENX,1e+007
ENY,1e+007
ENZ,1e+007
ENZL,1e+007
ENZN,1e+007
EOC,1e+007
EOD,1e+007
EOG,1e+007
EOI,1e+007
EONC,1e+007
EOPN,1e+007
EOS,1e+007
EOT,1e+007
EOX,1e+007
EPAM,1e+007
EPAX,1e+007
EPAY,1e+007
EPB,1e+007
EPD,1e+007
EPHE,1e+007
EPI,-1.76691e-005
EPIQ,1e+007
EPL,1e+007
EPM,1e+007
EPM_hyphen_A,1e+007
EPOL,1e+007
EPP,1e+007
EPR,1e+007
EPR_hyphen_C,1e+007
EPR_hyphen_E,1e+007
EPR_hyphen_F,1e+007
EPS,1e+007
EPU,1e+007
EPV,1e+007
EP_hyphen_C,1e+007
EQIX,1e+007
EQL,1e+007
EQM,1e+007
EQR,1e+007
EQS,1e+007
EQT,0.000379203
EQU,1e+007
EQY,1e+007
ERA,1e+007
ERB,1e+007
ERC,1e+007
ERF,1e+007
ERH,1e+007
ERIC,-9.939e-005
ERIE,1e+007
ERII,1e+007
ERJ,1e+007
ERO,1e+007
EROC,1e+007
ERS,1e+007
ERUS,1e+007
ERX,1e+007
ERY,1e+007
ES,1e+007
ESBF,1e+007
ESBK,1e+007
ESC,1e+007
ESCA,1e+007
ESD,1e+007
ESE,1e+007
ESEA,1e+007
ESGR,1e+007
ESI,1e+007
ESIO,1e+007
ESL,1e+007
ESLT,1e+007
ESP,1e+007
ESR,1e+007
ESRX,0.000269318
ESS,1e+007
ESSA,1e+007
ESSX,1e+007
ESS_hyphen_H,1e+007
ESTE,1e+007
ESV,1e+007
ESXB,1e+007
ESYS,1e+007
ET,1e+007
ETAK,1e+007
ETB,1e+007
ETE,1e+007
ETF,1e+007
ETFC,6.51039e-005
ETG,1e+007
ETH,1e+007
ETJ,1e+007
ETM,1e+007
ETN,1e+007
ETO,1e+007
ETP,1e+007
ETR,1e+007
ETRM,1e+007
ETUA,1e+007
ETUB,1e+007
ETV,1e+007
ETW,1e+007
ETX,1e+007
ETY,1e+007
EU,1e+007
EUFN,1e+007
EUFX,1e+007
EUM,1e+007
EUO,1e+007
EUSA,1e+007
EV,1e+007
EVAC,1e+007
EVAL,1e+007
EVBN,1e+007
EVBS,1e+007
EVC,1e+007
EVEP,1e+007
EVER,1e+007
EVER_hyphen_A,1e+007
EVF,1e+007
EVG,1e+007
EVI,1e+007
EVJ,1e+007
EVK,1e+007
EVM,1e+007
EVN,1e+007
EVO,1e+007
EVOL,1e+007
EVP,1e+007
EVR,1e+007
EVT,1e+007
EVTC,1e+007
EVV,1e+007
EVX,1e+007
EVY,1e+007
EW,1e+007
EWA,1e+007
EWAS,1e+007
EWBC,1e+007
EWC,4.99967e-006
EWCS,1e+007
EWD,1e+007
EWEM,1e+007
EWG,0.000123477
EWGS,1e+007
EWH,2.27127e-005
EWHS,1e+007
EWI,1e+007
EWJ,-6.91939e-005
EWK,1e+007
EWL,1e+007
EWM,3.93321e-005
EWN,1e+007
EWO,1e+007
EWP,1e+007
EWQ,1e+007
EWRI,1e+007
EWRM,1e+007
EWRS,1e+007
EWS,1e+007
EWSS,1e+007
EWT,-3.58488e-005
EWU,-1.55168e-006
EWUS,1e+007
EWV,1e+007
EWW,-4.1217e-005
EWX,1e+007
EWY,-3.83239e-005
EWZ,0.000161315
EWZS,1e+007
EXA,1e+007
EXAC,1e+007
EXAM,1e+007
EXAR,1e+007
EXAS,1e+007
EXC,4.60551e-005
EXD,1e+007
EXE,1e+007
EXEL,-1.2079e-005
EXFO,1e+007
EXG,1e+007
EXH,1e+007
EXI,1e+007
EXK,1e+007
EXL,1e+007
EXLP,1e+007
EXLS,1e+007
EXL_hyphen_B,1e+007
EXM,1e+007
EXP,1e+007
EXPD,1e+007
EXPE,1e+007
EXPO,1e+007
EXPR,1e+007
EXR,1e+007
EXT,1e+007
EXTR,1e+007
EXXI,1e+007
EZA,1e+007
EZCH,1e+007
EZJ,1e+007
EZM,1e+007
EZPW,1e+007
EZU,1e+007
EZY,1e+007
F,-7.51406e-005
FAB,1e+007
FABK,1e+007
FAC,1e+007
FAD,1e+007
FAF,1e+007
FALC,1e+007
FAM,1e+007
FAN,1e+007
FANG,1e+007
FARM,1e+007
FARO,1e+007
FAS,0.000175126
FAST,1e+007
FAUS,1e+007
FAV,1e+007
FAX,1e+007
FAZ,0.000157459
FB,-9.24889e-006
FBC,1e+007
FBG,1e+007
FBHS,1e+007
FBIZ,1e+007
FBMI,1e+007
FBMS,1e+007
FBN,1e+007
FBNC,1e+007
FBNK,1e+007
FBP,1e+007
FBR,-2.92853e-005
FBRC,1e+007
FBSS,1e+007
FBS_hyphen_A,1e+007
FBT,1e+007
FC,1e+007
FCAL,1e+007
FCAN,1e+007
FCAP,1e+007
FCBC,1e+007
FCCY,1e+007
FCEL,1e+007
FCE_dot_A,1e+007
FCE_dot_B,1e+007
FCF,1e+007
FCFC,1e+007
FCFS,1e+007
FCG,1e+007
FCH,1e+007
FCHI,1e+007
FCH_hyphen_A,1e+007
FCH_hyphen_C,1e+007
FCLF,1e+007
FCN,1e+007
FCNCA,1e+007
FCO,1e+007
FCS,1e+007
FCT,1e+007
FCTY,1e+007
FCVA,1e+007
FCX,-5.52864e-006
FCY,1e+007
FCZA,1e+007
FDD,1e+007
FDEF,1e+007
FDI,1e+007
FDL,1e+007
FDM,1e+007
FDML,1e+007
FDN,1e+007
FDO,1e+007
FDP,1e+007
FDS,1e+007
FDT,1e+007
FDUS,1e+007
FDV,1e+007
FDX,1e+007
FE,1e+007
FEFN,1e+007
FEI,1e+007
FEIC,1e+007
FEIM,1e+007
FELE,1e+007
FEM,1e+007
FEMS,1e+007
FEN,1e+007
FENG,1e+007
FEO,1e+007
FEP,1e+007
FES,1e+007
FET,1e+007
FEU,1e+007
FEX,1e+007
FEZ,1e+007
FF,1e+007
FFA,1e+007
FFBC,1e+007
FFBH,1e+007
FFC,1e+007
FFCH,1e+007
FFCO,1e+007
FFEX,1e+007
FFG,1e+007
FFHL,1e+007
FFI,1e+007
FFIC,1e+007
FFIN,1e+007
FFIV,1e+007
FFKT,1e+007
FFKY,1e+007
FFN,1e+007
FFNM,1e+007
FFNW,1e+007
FFR,1e+007
FGB,1e+007
FGD,1e+007
FGEM,1e+007
FGM,1e+007
FGP,1e+007
FHCO,1e+007
FHN,-6.61177e-005
FHN_hyphen_A,1e+007
FHY,1e+007
FIBK,1e+007
FICO,1e+007
FIF,1e+007
FIG,1e+007
FII,1e+007
FILL,1e+007
FINL,1e+007
FINU,1e+007
FINZ,1e+007
FIO,1e+007
FIRE,1e+007
FIS,1e+007
FISI,1e+007
FISV,1e+007
FITB,5.74408e-005
FITBP,1e+007
FIVE,1e+007
FIVZ,1e+007
FIW,1e+007
FIX,1e+007
FIZZ,1e+007
FJP,1e+007
FKU,1e+007
FL,9.34747e-005
FLAG,1e+007
FLAT,1e+007
FLC,1e+007
FLDM,1e+007
FLEX,2.85523e-006
FLIC,1e+007
FLIR,1e+007
FLL,1e+007
FLM,1e+007
FLML,1e+007
FLO,1e+007
FLOT,1e+007
FLOW,1e+007
FLR,1e+007
FLRN,1e+007
FLS,1e+007
FLT,1e+007
FLTR,1e+007
FLTX,1e+007
FLWS,1e+007
FLXS,1e+007
FLY,1e+007
FM,1e+007
FMBI,1e+007
FMC,1e+007
FMCN,1e+007
FMD,1e+007
FMER,1e+007
FMER_hyphen_A,1e+007
FMFC,1e+007
FMK,1e+007
FMN,1e+007
FMNB,1e+007
FMO,1e+007
FMS,1e+007
FMX,1e+007
FMY,1e+007
FN,1e+007
FNB,1e+007
FNBN,1e+007
FNF,1e+007
FNFG,9.12063e-005
FNFG_hyphen_B,1e+007
FNGN,1e+007
FNHC,1e+007
FNI,1e+007
FNIO,1e+007
FNK,1e+007
FNLC,1e+007
FNP,1e+007
FNSR,1e+007
FNV,1e+007
FNX,1e+007
FNY,1e+007
FOE,1e+007
FOF,1e+007
FOL,1e+007
FOLD,1e+007
FONE,1e+007
FONR,1e+007
FOR,1e+007
FORD,1e+007
FORM,1e+007
FORR,1e+007
FORTY,1e+007
FORX,1e+007
FOSL,1e+007
FPA,1e+007
FPE,1e+007
FPO,1e+007
FPO_hyphen_A,1e+007
FPP,1e+007
FPP_plus_,1e+007
FPT,1e+007
FPX,1e+007
FR,1e+007
FRA,1e+007
FRAK,1e+007
FRAN,1e+007
FRBK,1e+007
FRC,1e+007
FRC_hyphen_A,1e+007
FRC_hyphen_B,1e+007
FRC_hyphen_C,1e+007
FRD,1e+007
FRED,1e+007
FREE,1e+007
FRF,1e+007
FRGI,1e+007
FRI,1e+007
FRM,1e+007
FRME,1e+007
FRN,1e+007
FRNK,1e+007
FRO,1e+007
FRP,1e+007
FRS,1e+007
FRT,1e+007
FRX,1e+007
FR_hyphen_K,1e+007
FSA,1e+007
FSBK,1e+007
FSBW,1e+007
FSC,1e+007
FSCE,1e+007
FSCFL,1e+007
FSCI,1e+007
FSD,1e+007
FSFG,1e+007
FSG,1e+007
FSGI,1e+007
FSI,1e+007
FSL,1e+007
FSLR,5.84239e-005
FSM,1e+007
FSP,1e+007
FSRV,1e+007
FSS,1e+007
FST,-2.15746e-005
FSTR,1e+007
FSU,1e+007
FSYS,1e+007
FSZ,1e+007
FT,1e+007
FTA,1e+007
FTC,1e+007
FTE,1e+007
FTEK,1e+007
FTF,1e+007
FTI,1e+007
FTK,1e+007
FTNT,1e+007
FTR,-3.81725e-006
FTT,1e+007
FTY,1e+007
FU,1e+007
FUBC,1e+007
FUD,1e+007
FUL,1e+007
FULL,1e+007
FULT,1e+007
FUN,1e+007
FUNC,1e+007
FUND,1e+007
FUR,1e+007
FURX,1e+007
FUR_hyphen_D,1e+007
FVD,1e+007
FVE,1e+007
FVI,1e+007
FVL,1e+007
FWDB,1e+007
FWDD,1e+007
FWDI,1e+007
FWLT,1e+007
FWM,1e+007
FWRD,1e+007
FWV,1e+007
FXA,1e+007
FXB,1e+007
FXC,1e+007
FXCB,1e+007
FXCH,1e+007
FXCM,1e+007
FXD,1e+007
FXE,1e+007
FXEN,1e+007
FXF,1e+007
FXG,1e+007
FXH,1e+007
FXI,-5.80998e-005
FXL,1e+007
FXN,1e+007
FXO,1e+007
FXP,1e+007
FXR,1e+007
FXS,1e+007
FXSG,1e+007
FXU,1e+007
FXY,1e+007
FXZ,1e+007
FYC,1e+007
FYT,1e+007
FYX,1e+007
G,1e+007
GA,1e+007
GAB,1e+007
GABC,1e+007
GAB_hyphen_D,1e+007
GAB_hyphen_G,1e+007
GAB_hyphen_H,1e+007
GAF,1e+007
GAGA,1e+007
GAI,1e+007
GAIA,1e+007
GAIN,1e+007
GAINP,1e+007
GAL,1e+007
GALE,1e+007
GALT,1e+007
GALTW,1e+007
GAM,1e+007
GAME,1e+007
GAM_hyphen_B,1e+007
GARS,1e+007
GAS,1e+007
GASL,1e+007
GASS,1e+007
GASX,1e+007
GASZ,1e+007
GAT,1e+007
GAZ,1e+007
GB,1e+007
GBAB,1e+007
GBB,1e+007
GBCI,1e+007
GBDC,1e+007
GBF,1e+007
GBL,1e+007
GBLI,1e+007
GBNK,1e+007
GBR,1e+007
GBX,1e+007
GCA,1e+007
GCAP,1e+007
GCBC,1e+007
GCC,1e+007
GCE,1e+007
GCFB,1e+007
GCH,1e+007
GCI,2.40211e-005
GCO,1e+007
GCOM,1e+007
GCV,1e+007
GCVRZ,1e+007
GCV_hyphen_B,1e+007
GD,1e+007
GDF,1e+007
GDI,1e+007
GDL,1e+007
GDL_hyphen_B,1e+007
GDO,1e+007
GDOT,1e+007
GDP,1e+007
GDP_hyphen_C,1e+007
GDV,1e+007
GDV_hyphen_A,1e+007
GDV_hyphen_D,1e+007
GDX,0.00014891
GDXJ,-6.004e-005
GE,5.44759e-005
GEB,1e+007
GEF,1e+007
GEF_dot_B,1e+007
GEH,1e+007
GEL,1e+007
GEMS,1e+007
GENC,1e+007
GENE,1e+007
GENT,1e+007
GEO,1e+007
GEOS,1e+007
GEQ,1e+007
GERJ,1e+007
GERN,1e+007
GES,1e+007
GEVA,1e+007
GEVO,1e+007
GEX,1e+007
GE_hyphen_A,1e+007
GF,1e+007
GFA,-1.65739e-005
GFED,1e+007
GFF,1e+007
GFI,2.33472e-006
GFIG,1e+007
GFN,1e+007
GFNCZ,1e+007
GFY,1e+007
GG,9.57114e-005
GGAL,1e+007
GGB,-8.86438e-005
GGE,1e+007
GGG,1e+007
GGGG,1e+007
GGN,1e+007
GGN_hyphen_A,1e+007
GGP,1e+007
GGP_hyphen_A,1e+007
GGR,1e+007
GGS,1e+007
GGT,1e+007
GGT_hyphen_B,1e+007
GHDX,1e+007
GHI,1e+007
GHL,1e+007
GHM,1e+007
GHY,1e+007
GHYG,1e+007
GIB,1e+007
GIFI,1e+007
GIG,1e+007
GIGA,1e+007
GIGM,1e+007
GII,1e+007
GIII,1e+007
GIL,1e+007
GILD,0.000623915
GILT,1e+007
GIM,1e+007
GIS,1e+007
GIVE,1e+007
GIVN,1e+007
GIY,1e+007
GJD,1e+007
GJH,1e+007
GJM,1e+007
GJO,1e+007
GJR,1e+007
GJS,1e+007
GJV,1e+007
GK,1e+007
GKM,1e+007
GKNT,1e+007
GLAD,1e+007
GLADP,1e+007
GLBS,1e+007
GLBZ,1e+007
GLCB,1e+007
GLCH,1e+007
GLD,0.000177201
GLDC,1e+007
GLDD,1e+007
GLDI,1e+007
GLDX,1e+007
GLF,1e+007
GLL,1e+007
GLNG,1e+007
GLO,1e+007
GLOG,1e+007
GLOW,1e+007
GLP,1e+007
GLPW,1e+007
GLQ,1e+007
GLRE,1e+007
GLT,1e+007
GLTR,1e+007
GLU,1e+007
GLUU,1e+007
GLV,1e+007
GLW,0.00011391
GM,0.000143854
GMA,1e+007
GMAN,1e+007
GMCR,1e+007
GME,1e+007
GMED,1e+007
GMF,1e+007
GMFS,1e+007
GMK,1e+007
GML,1e+007
GMLP,1e+007
GMM,1e+007
GMO,1e+007
GMT,1e+007
GMTB,1e+007
GM_hyphen_B,1e+007
GM_plus_A,1e+007
GM_plus_B,1e+007
GNAT,1e+007
GNC,5.17761e-005
GNCMA,1e+007
GNE,1e+007
GNI,1e+007
GNK,1e+007
GNMA,1e+007
GNMK,1e+007
GNR,1e+007
GNRC,1e+007
GNT,1e+007
GNTX,1e+007
GNVC,1e+007
GNW,-0.000386759
GOF,1e+007
GOL,1e+007
GOLD,1e+007
GOM,1e+007
GOOD,1e+007
GOODN,1e+007
GOODO,1e+007
GOODP,1e+007
GOOG,1e+007
GORO,1e+007
GOV,1e+007
GOVT,1e+007
GPC,1e+007
GPE_hyphen_A,1e+007
GPI,1e+007
GPIC,1e+007
GPK,1e+007
GPL,1e+007
GPM,1e+007
GPN,1e+007
GPOR,1e+007
GPR,1e+007
GPRC,1e+007
GPRE,1e+007
GPS,-6.55223e-005
GPT,1e+007
GPT_hyphen_A,1e+007
GPX,1e+007
GRA,1e+007
GRC,1e+007
GREK,1e+007
GRES,1e+007
GRF,1e+007
GRFS,1e+007
GRH,1e+007
GRH_hyphen_C,1e+007
GRI,1e+007
GRID,1e+007
GRIF,1e+007
GRMN,1e+007
GRN,1e+007
GRO,1e+007
GROW,1e+007
GRPN,9.14041e-006
GRP_equal_,1e+007
GRR,1e+007
GRT,1e+007
GRT_hyphen_G,1e+007
GRT_hyphen_H,1e+007
GRT_hyphen_I,1e+007
GRU,1e+007
GRVY,1e+007
GRWN,1e+007
GRX,1e+007
GRX_hyphen_A,1e+007
GS,0.000720863
GSB,1e+007
GSBC,1e+007
GSC,1e+007
GSE,1e+007
GSF,1e+007
GSG,1e+007
GSH,1e+007
GSI,1e+007
GSIG,1e+007
GSIT,1e+007
GSJ,1e+007
GSJK,1e+007
GSK,-9.26387e-006
GSL,1e+007
GSM,1e+007
GSOL,1e+007
GSP,1e+007
GSS,1e+007
GST,1e+007
GST_hyphen_A,1e+007
GSV,1e+007
GSVC,1e+007
GSX,1e+007
GSY,1e+007
GS_hyphen_A,1e+007
GS_hyphen_B,1e+007
GS_hyphen_C,1e+007
GS_hyphen_D,1e+007
GS_hyphen_I,1e+007
GT,5.98637e-005
GTAA,1e+007
GTAT,1e+007
GTE,1e+007
GTI,1e+007
GTIM,1e+007
GTIP,1e+007
GTIV,1e+007
GTLS,1e+007
GTN,1e+007
GTN_dot_A,1e+007
GTPPP,1e+007
GTS,1e+007
GTU,1e+007
GTXI,1e+007
GTY,1e+007
GUA,1e+007
GUID,1e+007
GUL,1e+007
GULF,1e+007
GUNR,1e+007
GUR,1e+007
GURE,1e+007
GURU,1e+007
GUT,1e+007
GV,1e+007
GVA,1e+007
GVI,1e+007
GVP,1e+007
GVT,1e+007
GWAY,1e+007
GWL,1e+007
GWR,1e+007
GWRE,1e+007
GWRU,1e+007
GWW,1e+007
GWX,1e+007
GXC,1e+007
GXF,1e+007
GXG,1e+007
GXP,1e+007
GY,1e+007
GYA,1e+007
GYB,1e+007
GYC,1e+007
GYLD,1e+007
GYRO,1e+007
GZT,1e+007
H,1e+007
HA,1e+007
HAE,1e+007
HAFC,1e+007
HAIN,1e+007
HAL,-2.6804e-005
HALL,1e+007
HALO,1e+007
HAO,1e+007
HAP,1e+007
HAR,1e+007
HAS,1e+007
HASI,1e+007
HAST,1e+007
HAUP,1e+007
HAV,1e+007
HAWK,8.80603e-005
HAYN,1e+007
HBAN,2.5333e-005
HBANP,1e+007
HBA_hyphen_D,1e+007
HBA_hyphen_F,1e+007
HBA_hyphen_G,1e+007
HBA_hyphen_H,1e+007
HBA_hyphen_Z,1e+007
HBC,1e+007
HBCP,1e+007
HBC_hyphen_A,1e+007
HBC_hyphen__star_,1e+007
HBHC,1e+007
HBI,1e+007
HBIO,1e+007
HBK,1e+007
HBM,1e+007
HBMD,1e+007
HBNC,1e+007
HBNK,1e+007
HBOS,1e+007
HCA,1e+007
HCBK,1e+007
HCC,1e+007
HCCI,1e+007
HCI,1e+007
HCJ,1e+007
HCKT,1e+007
HCLP,1e+007
HCN,1e+007
HCN_hyphen_I,1e+007
HCN_hyphen_J,1e+007
HCOM,1e+007
HCP,1e+007
HCS,1e+007
HCSG,1e+007
HCS_hyphen_B,1e+007
HD,1e+007
HDB,1e+007
HDG,1e+007
HDGE,1e+007
HDNG,1e+007
HDSN,1e+007
HDV,1e+007
HDY,1e+007
HE,1e+007
HEB,1e+007
HEDJ,1e+007
HEES,1e+007
HEI,1e+007
HEI_dot_A,1e+007
HEK,1e+007
HELE,1e+007
HEOP,1e+007
HEP,1e+007
HEQ,1e+007
HERO,-0.000110345
HES,1e+007
HE_hyphen_U,1e+007
HF,1e+007
HFBC,1e+007
HFBL,1e+007
HFC,1e+007
HFFC,1e+007
HFWA,1e+007
HGG,1e+007
HGH,1e+007
HGI,1e+007
HGR,1e+007
HGSH,1e+007
HGT,1e+007
HH,1e+007
HHC,1e+007
HHS,1e+007
HHY,1e+007
HI,1e+007
HIBB,1e+007
HIF,1e+007
HIFS,1e+007
HIG,-3.20695e-005
HIG_plus_,1e+007
HIH,1e+007
HIHO,1e+007
HII,1e+007
HIIQ,1e+007
HIL,1e+007
HILL,1e+007
HILO,1e+007
HIMX,1e+007
HIO,1e+007
HIS,1e+007
HITK,1e+007
HITT,1e+007
HIW,1e+007
HIX,1e+007
HJJ,1e+007
HJL,1e+007
HJN,1e+007
HJR,1e+007
HJV,1e+007
HK,7.58383e-006
HKTV,1e+007
HL,-3.28215e-005
HLF,1e+007
HLIT,1e+007
HLM_hyphen_,1e+007
HLS,1e+007
HLSS,1e+007
HLX,1e+007
HMA,-0.000175008
HMC,1e+007
HME,1e+007
HMH,1e+007
HMIN,1e+007
HMN,1e+007
HMNF,1e+007
HMNY,1e+007
HMPR,1e+007
HMST,1e+007
HMSY,1e+007
HMY,6.46965e-005
HNH,1e+007
HNI,1e+007
HNP,1e+007
HNR,1e+007
HNRG,1e+007
HNSN,1e+007
HNT,1e+007
HNW,1e+007
HNZ,1.04835e-006
HOFT,1e+007
HOG,0.000559242
HOGS,1e+007
HOLI,1e+007
HOLL,1e+007
HOLX,1e+007
HOMB,1e+007
HOME,1e+007
HON,1e+007
HOS,1e+007
HOT,1e+007
HOTR,1e+007
HOTRW,1e+007
HOTT,1e+007
HOV,-3.80556e-005
HOVNP,1e+007
HOVU,1e+007
HP,1e+007
HPAC,1e+007
HPCCP,1e+007
HPF,1e+007
HPI,1e+007
HPJ,1e+007
HPOL,1e+007
HPP,1e+007
HPQ,-2.85734e-005
HPS,1e+007
HPT,1e+007
HPTX,1e+007
HPT_hyphen_C,1e+007
HPT_hyphen_D,1e+007
HPY,1e+007
HQH,1e+007
HQL,1e+007
HR,1e+007
HRB,1.92175e-005
HRC,1e+007
HRG,1e+007
HRL,1e+007
HRS,1e+007
HRT,1e+007
HRZN,1e+007
HSA,1e+007
HSBC_hyphen_B,1e+007
HSC,1e+007
HSH,1e+007
HSIC,1e+007
HSII,1e+007
HSKA,1e+007
HSNI,1e+007
HSOL,1e+007
HSON,1e+007
HSP,1e+007
HST,0.000180407
HSTM,1e+007
HSY,1e+007
HT,1e+007
HTA,1e+007
HTBI,1e+007
HTBK,1e+007
HTCH,1e+007
HTCO,1e+007
HTD,1e+007
HTF,1e+007
HTGC,1e+007
HTGY,1e+007
HTGZ,1e+007
HTH,1e+007
HTHT,1e+007
HTLD,1e+007
HTLF,1e+007
HTM,1e+007
HTR,1e+007
HTS,1e+007
HTSI,1e+007
HTS_hyphen_A,1e+007
HTWO,1e+007
HTWR,1e+007
HTY,1e+007
HTZ,1.17607e-005
HT_hyphen_B,1e+007
HT_hyphen_C,1e+007
HUBG,1e+007
HUB_dot_A,1e+007
HUB_dot_B,1e+007
HUM,1e+007
HUN,1e+007
HURC,1e+007
HURN,1e+007
HUSA,1e+007
HUSE,1e+007
HVB,1e+007
HVPW,1e+007
HVT,1e+007
HW,1e+007
HWAY,1e+007
HWBK,1e+007
HWCC,1e+007
HWG,1e+007
HWKN,1e+007
HXL,1e+007
HXM,1e+007
HY,1e+007
HYB,1e+007
HYD,1e+007
HYEM,1e+007
HYF,1e+007
HYG,1e+007
HYGS,1e+007
HYI,1e+007
HYK,1e+007
HYL,1e+007
HYLD,1e+007
HYLS,1e+007
HYMB,1e+007
HYS,1e+007
HYT,1e+007
HYV,1e+007
HYXU,1e+007
HZNP,1e+007
HZO,1e+007
I,1e+007
IACI,1e+007
IAE,1e+007
IAF,1e+007
IAG,1.81583e-005
IAI,1e+007
IAK,1e+007
IART,1e+007
IAT,1e+007
IAU,6.59902e-005
IBA,1e+007
IBB,1e+007
IBCA,1e+007
IBCC,1e+007
IBCD,1e+007
IBCP,1e+007
IBIO,1e+007
IBKC,1e+007
IBKR,1e+007
IBM,-4.91127e-005
IBN,1e+007
IBND,1e+007
IBO,1e+007
IBOC,1e+007
IBTX,1e+007
ICA,1e+007
ICAD,1e+007
ICB,1e+007
ICCC,1e+007
ICE,1e+007
ICF,1e+007
ICFI,1e+007
ICGE,1e+007
ICH,1e+007
ICI,1e+007
ICLN,1e+007
ICLR,1e+007
ICN,1e+007
ICON,1e+007
ICPT,1e+007
ICUI,1e+007
IDA,1e+007
IDCC,1e+007
IDE,1e+007
IDG,1e+007
IDHB,1e+007
IDHQ,1e+007
IDI,1e+007
IDIX,1e+007
IDLV,1e+007
IDN,1e+007
IDRA,1e+007
IDSA,1e+007
IDSY,1e+007
IDT,1e+007
IDTI,1e+007
IDU,1e+007
IDV,1e+007
IDX,1e+007
IDXJ,1e+007
IDXX,1e+007
IEC,1e+007
IEF,1e+007
IEFA,1e+007
IEI,1e+007
IEMG,1e+007
IEO,1e+007
IEP,1e+007
IESC,1e+007
IEV,1e+007
IEX,1e+007
IEZ,1e+007
IF,1e+007
IFAS,1e+007
IFEU,1e+007
IFF,1e+007
IFGL,1e+007
IFMI,1e+007
IFN,1e+007
IFNA,1e+007
IFON,1e+007
IFSM,1e+007
IFT,1e+007
IG,1e+007
IGA,1e+007
IGC,1e+007
IGC_plus_,1e+007
IGD,1e+007
IGE,-3.33507e-005
IGEM,1e+007
IGF,1e+007
IGI,1e+007
IGK,1e+007
IGM,1e+007
IGN,1e+007
IGOI,1e+007
IGOV,1e+007
IGR,1e+007
IGT,1.02806e-005
IGTE,1e+007
IGU,1e+007
IGV,1e+007
IHC,1e+007
IHD,1e+007
IHE,1e+007
IHF,1e+007
IHG,1e+007
IHI,1e+007
IHS,1e+007
IHT,1e+007
IHY,1e+007
IID,1e+007
IIF,1e+007
III,1e+007
IIIN,1e+007
IIJI,1e+007
IILG,1e+007
IIM,1e+007
IIN,1e+007
IIT,1e+007
IIVI,1e+007
IJH,1.16828e-005
IJJ,1e+007
IJK,1e+007
IJR,1e+007
IJS,1e+007
IJT,1e+007
IKAN,1e+007
IKNX,1e+007
IL,1e+007
ILB,1e+007
ILF,1e+007
ILMN,-0.000193535
ILTB,1e+007
IM,1e+007
IMAX,1e+007
IMF,1e+007
IMGN,1e+007
IMH,1e+007
IMI,1e+007
IMKTA,1e+007
IMLP,1e+007
IMMR,1e+007
IMMU,1e+007
IMMY,1e+007
IMN,1e+007
IMO,1e+007
IMOS,1e+007
IMPV,1e+007
IMRS,1e+007
IMUC,1e+007
IN,1e+007
INAP,1e+007
INB,1e+007
INBK,1e+007
INCO,1e+007
INCY,1e+007
IND,1e+007
INDA,1e+007
INDB,1e+007
INDL,1e+007
INDY,1e+007
INF,1e+007
INFA,1e+007
INFI,1e+007
INFN,1e+007
INFU,1e+007
INFY,1e+007
ING,1e+007
INGR,1e+007
ININ,1e+007
INKM,1e+007
INN,1e+007
INN_hyphen_A,1e+007
INN_hyphen_B,1e+007
INN_hyphen_C,1e+007
INO,1e+007
INOC,1e+007
INOD,1e+007
INP,1e+007
INPH,1e+007
INSM,1e+007
INT,1e+007
INTC,-9.50608e-005
INTG,1e+007
INTL,1e+007
INTT,1e+007
INTU,1e+007
INTX,1e+007
INUV,1e+007
INVE,1e+007
INVN,1e+007
INWK,1e+007
INXB,1e+007
INXN,1e+007
INXX,1e+007
INY,1e+007
INZ,1e+007
IO,1e+007
IOC,1e+007
IOIL,1e+007
IOO,1e+007
IOSP,1e+007
IOT,1e+007
IP,1e+007
IPAR,1e+007
IPAS,1e+007
IPB,1e+007
IPCC,1e+007
IPCI,1e+007
IPCM,1e+007
IPD,1e+007
IPDN,1e+007
IPE,1e+007
IPF,1e+007
IPFF,1e+007
IPG,-0.000174167
IPGP,1e+007
IPHI,1e+007
IPHS,1e+007
IPI,1e+007
IPK,1e+007
IPL_hyphen_D,1e+007
IPN,1e+007
IPS,1e+007
IPT,1e+007
IPU,1e+007
IPW,1e+007
IPXL,1e+007
IQDY,1e+007
IQI,1e+007
IQNT,1e+007
IR,1e+007
IRBT,1e+007
IRC,1e+007
IRC_hyphen_A,1e+007
IRDM,1e+007
IRDMZ,1e+007
IRE,1e+007
IRET,1e+007
IRET_hyphen_,1e+007
IRET_hyphen_B,1e+007
IRF,1e+007
IRG,1e+007
IRIX,1e+007
IRL,1e+007
IRM,1e+007
IROQ,1e+007
IRR,1e+007
IRS,1e+007
IRV,1e+007
IRWD,1e+007
IRY,1e+007
ISBC,1e+007
ISCA,1e+007
ISD,1e+007
ISF,1e+007
ISG,1e+007
ISH,1e+007
ISHG,1e+007
ISH_hyphen_A,1e+007
ISIG,1e+007
ISIL,1e+007
ISIS,1e+007
ISL,1e+007
ISLE,1e+007
ISM,1e+007
ISNS,1e+007
ISP,1e+007
ISR,1e+007
ISRG,1e+007
ISRL,1e+007
ISS,1e+007
ISSC,1e+007
ISSI,1e+007
IST,1e+007
ISTB,1e+007
IT,1e+007
ITA,1e+007
ITB,0.000857063
ITC,1e+007
ITE,1e+007
ITF,1e+007
ITG,1e+007
ITI,1e+007
ITIC,1e+007
ITIP,1e+007
ITLY,1e+007
ITM,1e+007
ITMN,1e+007
ITOT,1e+007
ITR,1e+007
ITRI,1e+007
ITRN,1e+007
ITT,1e+007
ITUB,-1.46999e-006
ITW,1e+007
IVAC,1e+007
IVAN,1e+007
IVC,1e+007
IVE,0.000144815
IVOG,1e+007
IVOO,1e+007
IVOV,1e+007
IVR,1e+007
IVR_hyphen_A,1e+007
IVV,-0.00161024
IVW,1e+007
IVZ,8.70155e-005
IWB,0.000543207
IWC,1e+007
IWD,-0.00026693
IWF,-0.000445029
IWL,1e+007
IWM,1.09409e-005
IWN,-0.000117147
IWO,1e+007
IWP,1e+007
IWR,1e+007
IWS,2.33295e-005
IWV,1e+007
IWW,1e+007
IWX,1e+007
IWY,1e+007
IWZ,1e+007
IX,1e+007
IXC,1e+007
IXG,1e+007
IXJ,1e+007
IXN,1e+007
IXP,1e+007
IXUS,1e+007
IXYS,1e+007
IYC,1e+007
IYE,1e+007
IYF,1e+007
IYG,1e+007
IYH,1e+007
IYJ,1e+007
IYK,1e+007
IYLD,1e+007
IYM,1e+007
IYR,-0.000522765
IYT,1e+007
IYW,1e+007
IYY,1e+007
IYZ,1e+007
I_hyphen_A,1e+007
JACK,1e+007
JADE,1e+007
JAG,1e+007
JAH,1e+007
JAKK,1e+007
JASO,1e+007
JAXB,1e+007
JAZZ,1e+007
JBHT,1e+007
JBI,1e+007
JBJ,1e+007
JBK,1e+007
JBL,1e+007
JBLU,2.24222e-005
JBN,1e+007
JBO,1e+007
JBR,1e+007
JBSS,1e+007
JBT,1e+007
JCE,1e+007
JCI,-3.18692e-005
JCOM,1e+007
JCP,-3.10045e-005
JCS,1e+007
JCTCF,1e+007
JDD,1e+007
JDSU,-9.83207e-005
JE,1e+007
JEC,1e+007
JEQ,1e+007
JFBI,1e+007
JFC,1e+007
JFR,1e+007
JGBD,1e+007
JGBS,1e+007
JGBT,1e+007
JGG,1e+007
JGT,1e+007
JGV,1e+007
JHI,1e+007
JHP,1e+007
JHS,1e+007
JHX,1e+007
JIVE,1e+007
JJA,1e+007
JJC,1e+007
JJE,1e+007
JJG,1e+007
JJM,1e+007
JJN,1e+007
JJP,1e+007
JJS,1e+007
JJSF,1e+007
JKD,1e+007
JKE,1e+007
JKF,1e+007
JKG,1e+007
JKH,1e+007
JKHY,1e+007
JKI,1e+007
JKJ,1e+007
JKK,1e+007
JKL,1e+007
JKS,1e+007
JLA,1e+007
JLL,1e+007
JLS,1e+007
JMBA,1e+007
JMF,1e+007
JMI,1e+007
JMP,1e+007
JMPB,1e+007
JMT,1e+007
JNJ,-4.07377e-005
JNK,-2.64504e-006
JNPR,4.29976e-005
JNS,1e+007
JNY,1e+007
JO,1e+007
JOB,1e+007
JOBS,1e+007
JOE,1e+007
JOEZ,1e+007
JOF,1e+007
JOSB,1e+007
JOUT,1e+007
JOY,1e+007
JPC,1e+007
JPG,1e+007
JPI,1e+007
JPM,-5.56138e-005
JPM_hyphen_A,1e+007
JPM_hyphen_C,1e+007
JPM_hyphen_D,1e+007
JPM_hyphen_I,1e+007
JPM_hyphen_J_star_,1e+007
JPM_hyphen_K_star_,1e+007
JPM_hyphen_O_star_,1e+007
JPM_hyphen_P_star_,1e+007
JPM_hyphen_S_star_,1e+007
JPM_hyphen_W_star_,1e+007
JPM_hyphen_X_star_,1e+007
JPM_hyphen_Y_star_,1e+007
JPM_plus_,1e+007
JPP,1e+007
JPS,1e+007
JPX,1e+007
JPZ,1e+007
JQC,1e+007
JRCC,1e+007
JRI,1e+007
JRJC,1e+007
JRN,1e+007
JRO,1e+007
JRS,1e+007
JSC,1e+007
JSD,1e+007
JSM,1e+007
JSN,1e+007
JST,1e+007
JTA,1e+007
JTD,1e+007
JTP,1e+007
JUNR,1e+007
JVA,1e+007
JWN,1e+007
JW_dot_A,1e+007
JXI,1e+007
JXSB,1e+007
JYN,1e+007
JZC,1e+007
JZK,1e+007
JZL,1e+007
JZT,1e+007
JZV,1e+007
K,1e+007
KAI,1e+007
KALU,1e+007
KAMN,1e+007
KAP,1e+007
KAR,1e+007
KB,1e+007
KBALB,1e+007
KBE,-0.000137461
KBH,1e+007
KBIO,1e+007
KBR,1e+007
KBWB,1e+007
KBWC,1e+007
KBWD,1e+007
KBWI,1e+007
KBWP,1e+007
KBWR,1e+007
KBWX,1e+007
KBWY,1e+007
KBX,1e+007
KCAP,1e+007
KCC,1e+007
KCE,1e+007
KCG,1e+007
KCLI,1e+007
KDN,1e+007
KED,1e+007
KEF,1e+007
KEG,1e+007
KELYA,1e+007
KELYB,1e+007
KEM,1e+007
KEP,1e+007
KEQU,1e+007
KERX,-0.000118036
KEX,1e+007
KEY,-2.40851e-005
KEYN,1e+007
KEYW,1e+007
KEY_hyphen_G,1e+007
KF,1e+007
KFFB,1e+007
KFH,1e+007
KFI,1e+007
KFN,1e+007
KFN_hyphen_,1e+007
KFRC,1e+007
KFS,1e+007
KFY,1e+007
KGC,-9.36945e-006
KGJI,1e+007
KHI,1e+007
KID,1e+007
KIE,1e+007
KIM,-3.66589e-006
KIM_hyphen_H,1e+007
KIM_hyphen_I,1e+007
KIM_hyphen_J,1e+007
KIM_hyphen_K,1e+007
KIOR,1e+007
KIPO,1e+007
KIPS,1e+007
KIRK,1e+007
KKD,1e+007
KKR,1e+007
KLAC,0.000143307
KLD,1e+007
KLIC,1e+007
KMB,0.00012854
KME,1e+007
KMF,1e+007
KMG,1e+007
KMI,1.68204e-005
KMI_plus_,1e+007
KMM,1e+007
KMP,1e+007
KMPR,1e+007
KMR,1e+007
KMT,1e+007
KMX,1e+007
KND,1e+007
KNDI,1e+007
KNL,1e+007
KNM,1e+007
KNOP,1e+007
KNOW,1e+007
KNX,1e+007
KO,0.000112453
KOF,1e+007
KOG,-4.50711e-005
KOL,1e+007
KOLD,1e+007
KONA,1e+007
KONE,1e+007
KONG,1e+007
KOOL,1e+007
KOP,1e+007
KOPN,1e+007
KORS,1e+007
KORU,1e+007
KOS,1e+007
KOSS,1e+007
KR,9.89792e-008
KRA,1e+007
KRC,1e+007
KRC_hyphen_G,1e+007
KRC_hyphen_H,1e+007
KRE,-0.000227528
KRFT,1e+007
KRG,1e+007
KRG_hyphen_A,1e+007
KRNY,1e+007
KRO,1e+007
KROO,1e+007
KRU,1e+007
KS,1e+007
KSM,1e+007
KSS,1e+007
KST,1e+007
KSU,1e+007
KSWS,1e+007
KT,1e+007
KTCC,1e+007
KTEC,1e+007
KTF,1e+007
KTN,1e+007
KTOS,1e+007
KTP,1e+007
KUB,1e+007
KUTV,1e+007
KVHI,1e+007
KW,1e+007
KWK,1e+007
KWN,1e+007
KWR,1e+007
KWT,1e+007
KXI,1e+007
KXM,1e+007
KYAK,1e+007
KYE,1e+007
KYN,1e+007
KYN_hyphen_D_star_,1e+007
KYN_hyphen_E,1e+007
KYN_hyphen_F,1e+007
KYO,1e+007
KYTH,1e+007
L,1e+007
LABL,1e+007
LACO,1e+007
LAD,1e+007
LAG,1e+007
LAKE,1e+007
LAMR,1e+007
LANC,1e+007
LAND,1e+007
LAQ,1e+007
LARK,1e+007
LAS,1e+007
LATM,1e+007
LAWS,1e+007
LAYN,1e+007
LAZ,1e+007
LBAI,1e+007
LBF,1e+007
LBJ,1e+007
LBND,1e+007
LBTYA,1e+007
LBTYK,1e+007
LBY,1e+007
LCAV,1e+007
LCC,1.51389e-005
LCI,1e+007
LCM,1e+007
LCNB,1e+007
LCUT,1e+007
LD,1e+007
LDF,1e+007
LDK,1e+007
LDL,1e+007
LDP,1e+007
LDR,1e+007
LEA,1e+007
LEAP,1e+007
LECO,1e+007
LEDD,1e+007
LEDR,1e+007
LEDS,1e+007
LEE,1e+007
LEG,1e+007
LEI,1e+007
LEMB,1e+007
LEN,-2.41831e-005
LEN_dot_B,1e+007
LEO,1e+007
LF,1e+007
LFC,1e+007
LFL,1e+007
LFUS,1e+007
LFVN,1e+007
LG,1e+007
LGCY,1e+007
LGF,1e+007
LGI,1e+007
LGL,1e+007
LGLV,1e+007
LGND,1e+007
LGP,1e+007
LH,-0.000204894
LHCG,1e+007
LHO,1e+007
LHO_hyphen_G,1e+007
LHO_hyphen_H,1e+007
LHO_hyphen_I,1e+007
LIFE,1e+007
LII,1e+007
LIME,1e+007
LINC,1e+007
LINE,1e+007
LINTA,1e+007
LINTB,1e+007
LION,1e+007
LIOX,1e+007
LIT,1e+007
LIVE,1e+007
LIWA,1e+007
LKFN,1e+007
LKQ,1e+007
LL,1e+007
LLEN,1e+007
LLL,1e+007
LLNW,1e+007
LLTC,1e+007
LLY,6.83802e-006
LM,1e+007
LMAT,1e+007
LMCA,1e+007
LMIA,1e+007
LMNR,1e+007
LMNX,1e+007
LMOS,1e+007
LMT,1e+007
LNBB,1e+007
LNC,1e+007
LNCE,1e+007
LNCO,1e+007
LNC_plus_,1e+007
LND,1e+007
LNDC,1e+007
LNG,1e+007
LNKD,1e+007
LNN,1e+007
LNT,1e+007
LO,1e+007
LOAN,1e+007
LOCK,1e+007
LOCM,1e+007
LODE,1e+007
LOGI,1e+007
LOGM,1e+007
LOJN,1e+007
LON,1e+007
LONG,1e+007
LOOK,1e+007
LOPE,1e+007
LOR,1e+007
LORL,1e+007
LOV,1e+007
LOW,0.000260844
LPDX,1e+007
LPHI,1e+007
LPI,1e+007
LPL,1e+007
LPLA,1e+007
LPLT,1e+007
LPNT,1e+007
LPR,1e+007
LPS,1e+007
LPSB,1e+007
LPSN,1e+007
LPTH,1e+007
LPTN,1e+007
LPX,1e+007
LQD,1e+007
LQDT,1e+007
LRAD,1e+007
LRCX,0.000251065
LRE,1e+007
LRN,1e+007
LRY,1e+007
LSBI,1e+007
LSC,1e+007
LSCC,-3.03553e-006
LSE,1e+007
LSE_hyphen_A,1e+007
LSE_hyphen_B,1e+007
LSE_hyphen_C,1e+007
LSG,1e+007
LSI,2.52411e-006
LSKY,1e+007
LSTK,1e+007
LSTR,1e+007
LTBR,1e+007
LTC,1e+007
LTD,1e+007
LTM,1e+007
LTON,1e+007
LTPZ,1e+007
LTRE,1e+007
LTRX,1e+007
LTS,1e+007
LTXC,1e+007
LUB,1e+007
LUFK,1e+007
LUK,1e+007
LULU,1e+007
LUNA,1e+007
LUV,-6.98506e-005
LUX,1e+007
LVB,1e+007
LVL,1e+007
LVLT,1e+007
LVNTA,1e+007
LVS,4.22858e-005
LWAY,1e+007
LWC,1e+007
LXFR,1e+007
LXK,2.05963e-005
LXP,1e+007
LXP_hyphen_C,1e+007
LXRX,1e+007
LXU,1e+007
LYB,1e+007
LYG,1e+007
LYG_hyphen_A,1e+007
LYTS,1e+007
LYV,1e+007
LZB,1e+007
M,1e+007
MA,1e+007
MAA,1e+007
MAB,1e+007
MAC,1e+007
MACK,1e+007
MAG,1e+007
MAGS,1e+007
MAIN,1e+007
MAKO,1e+007
MAN,1e+007
MANH,1e+007
MANT,1e+007
MANU,1e+007
MAR,1e+007
MARK,1e+007
MARPS,1e+007
MAS,-0.000184574
MASC,1e+007
MASI,1e+007
MAT,7.70382e-007
MATH,1e+007
MATL,1e+007
MATR,1e+007
MATW,1e+007
MATX,1e+007
MAV,1e+007
MAXY,1e+007
MAYS,1e+007
MBB,1e+007
MBFI,1e+007
MBG,1e+007
MBI,1e+007
MBL,1e+007
MBLX,1e+007
MBND,1e+007
MBRG,1e+007
MBT,1e+007
MBTF,1e+007
MBVT,1e+007
MBWM,1e+007
MCA,1e+007
MCBC,1e+007
MCBI,1e+007
MCC,1e+007
MCD,1e+007
MCEP,1e+007
MCF,1e+007
MCGC,1e+007
MCHI,1e+007
MCHP,1e+007
MCHX,1e+007
MCI,1e+007
MCK,1e+007
MCN,1e+007
MCO,1e+007
MCOX,1e+007
MCP,-1.28224e-007
MCP_hyphen_A,1e+007
MCQ,1e+007
MCR,1e+007
MCRI,1e+007
MCRL,1e+007
MCRO,1e+007
MCRS,1e+007
MCS,1e+007
MCV,1e+007
MCY,1e+007
MCZ,1e+007
MD,1e+007
MDAS,1e+007
MDC,1e+007
MDCA,1e+007
MDCI,1e+007
MDCO,1e+007
MDD,1e+007
MDGN,1e+007
MDIV,1e+007
MDLZ,4.57914e-005
MDM,1e+007
MDP,1e+007
MDR,1e+007
MDRX,1e+007
MDSO,1e+007
MDT,1.84531e-005
MDU,1e+007
MDVN,1e+007
MDW,1e+007
MDY,-0.000140231
MDYG,1e+007
MDYV,1e+007
MEA,1e+007
MEAD,1e+007
MEAS,1e+007
MED,1e+007
MEET,1e+007
MEG,1e+007
MEI,1e+007
MEIL,1e+007
MEILW,1e+007
MEILZ,1e+007
MEIP,1e+007
MELA,1e+007
MELI,1e+007
MEMP,1e+007
MEMS,1e+007
MEN,1e+007
MENT,1e+007
MEOH,1e+007
MERC,1e+007
MERU,1e+007
MER_hyphen_D,1e+007
MER_hyphen_E,1e+007
MER_hyphen_F,1e+007
MER_hyphen_K,1e+007
MER_hyphen_M,1e+007
MER_hyphen_P,1e+007
MES,1e+007
MET,-3.69975e-005
METR,1e+007
MET_hyphen_A,1e+007
MET_hyphen_B,1e+007
MFA,1e+007
MFA_hyphen_A_star_,1e+007
MFA_hyphen_B,1e+007
MFB,1e+007
MFC,-2.60587e-005
MFD,1e+007
MFG,1e+007
MFI,1e+007
MFL,1e+007
MFLX,1e+007
MFM,1e+007
MFNC,1e+007
MFO,1e+007
MFRI,1e+007
MFRM,1e+007
MFSF,1e+007
MFT,1e+007
MFV,1e+007
MG,1e+007
MGA,1e+007
MGAM,1e+007
MGC,1e+007
MGCD,1e+007
MGEE,1e+007
MGF,1e+007
MGH,1e+007
MGI,1e+007
MGIC,1e+007
MGJ,1e+007
MGK,1e+007
MGLN,1e+007
MGM,-4.68038e-005
MGN,1e+007
MGPI,1e+007
MGR,1e+007
MGRC,1e+007
MGT,1e+007
MGU,1e+007
MGV,1e+007
MHD,1e+007
MHE,1e+007
MHF,1e+007
MHGC,1e+007
MHH,1e+007
MHI,1e+007
MHK,1e+007
MHLD,1e+007
MHM,1e+007
MHN,1e+007
MHNA,1e+007
MHNB,1e+007
MHO,1e+007
MHO_hyphen_A,1e+007
MHP,-5.10642e-005
MHR,1.61303e-005
MHR_hyphen_C,1e+007
MHR_hyphen_D,1e+007
MHR_hyphen_E,1e+007
MHW,1e+007
MHY,1e+007
MH_hyphen_A,1e+007
MIC,1e+007
MIDD,1e+007
MIDU,1e+007
MIDZ,1e+007
MIE,1e+007
MIG,1e+007
MIL,1e+007
MILL,1e+007
MILL_hyphen_C,1e+007
MIN,1e+007
MINC,1e+007
MIND,1e+007
MINI,1e+007
MINT,1e+007
MITK,1e+007
MITL,1e+007
MITT,1e+007
MITT_hyphen_A,1e+007
MITT_hyphen_B,1e+007
MIW,1e+007
MIY,1e+007
MJI,1e+007
MJN,1e+007
MKC,1e+007
MKC_dot_V,1e+007
MKF,1e+007
MKL,1e+007
MKSI,1e+007
MKTG,1e+007
MKTX,1e+007
MLAB,1e+007
MLG,1e+007
MLHR,1e+007
MLI,1e+007
MLM,1e+007
MLN,1e+007
MLNK,1e+007
MLNX,1e+007
MLP,1e+007
MLPA,1e+007
MLPG,1e+007
MLPI,1e+007
MLPJ,1e+007
MLPL,1e+007
MLPN,1e+007
MLPW,1e+007
MLPY,1e+007
MLR,1e+007
MLU,1e+007
MM,1e+007
MMC,1e+007
MMD,1e+007
MMF,1e+007
MMLP,1e+007
MMM,0.000280879
MMP,1e+007
MMR,1e+007
MMS,1e+007
MMSI,1e+007
MMT,1e+007
MMTM,1e+007
MMU,1e+007
MMV,1e+007
MMYT,1e+007
MN,1e+007
MNA,1e+007
MNDO,1e+007
MNE,1e+007
MNGA,1e+007
MNI,1e+007
MNKD,7.67952e-005
MNOV,1e+007
MNP,1e+007
MNR,1e+007
MNRK,1e+007
MNRO,1e+007
MNR_hyphen_A,1e+007
MNR_hyphen_B,1e+007
MNST,1e+007
MNTA,1e+007
MNTG,1e+007
MNTX,1e+007
MO,-1.52818e-005
MOAT,1e+007
MOBI,1e+007
MOC,1e+007
MOCO,1e+007
MOD,1e+007
MODN,1e+007
MOFG,1e+007
MOG_dot_A,1e+007
MOG_dot_B,1e+007
MOH,1e+007
MOLX,1e+007
MOLXA,1e+007
MOM,1e+007
MON,1e+007
MONY,1e+007
MOO,1e+007
MORL,1e+007
MORN,1e+007
MORT,1e+007
MOS,1e+007
MOSY,1e+007
MOV,1e+007
MOVE,1e+007
MPA,1e+007
MPAA,1e+007
MPAC,1e+007
MPB,1e+007
MPC,1e+007
MPE,1e+007
MPEL,0.000131904
MPET,1e+007
MPG,1e+007
MPG_hyphen_A,1e+007
MPLX,1e+007
MPO,1e+007
MPR,1e+007
MPV,1e+007
MPW,1e+007
MPWR,1e+007
MPX,1e+007
MP_hyphen_D,1e+007
MQT,1e+007
MQY,1e+007
MR,1e+007
MRC,1e+007
MRCC,1e+007
MRCY,1e+007
MRF,1e+007
MRGE,1e+007
MRGR,1e+007
MRH,1e+007
MRH_hyphen_A,1e+007
MRIN,1e+007
MRK,-3.61541e-005
MRLN,1e+007
MRO,-1.86017e-005
MRTN,1e+007
MRVL,-1.63044e-005
MS,-9.61303e-005
MSA,1e+007
MSB,1e+007
MSC,1e+007
MSCA,1e+007
MSCC,1e+007
MSCI,1e+007
MSD,1e+007
MSEX,1e+007
MSF,1e+007
MSFG,1e+007
MSFT,1.27479e-005
MSG,1e+007
MSI,1e+007
MSJ,1e+007
MSK,1e+007
MSL,1e+007
MSLI,1e+007
MSM,1e+007
MSN,1e+007
MSO,1e+007
MSON,1e+007
MSP,1e+007
MSPD,1e+007
MSTR,1e+007
MSTX,1e+007
MSXX,1e+007
MSZ,1e+007
MS_hyphen_A,1e+007
MT,-3.66078e-005
MTB,1e+007
MTB_hyphen_A,1e+007
MTB_hyphen_C,1e+007
MTB_plus_,1e+007
MTCN,1e+007
MTD,1e+007
MTDR,1e+007
MTEX,1e+007
MTG,-5.51223e-005
MTGE,1e+007
MTH,1e+007
MTK,1e+007
MTL,1e+007
MTL_hyphen_,1e+007
MTN,1e+007
MTOR,1e+007
MTR,1e+007
MTRN,1e+007
MTRX,1e+007
MTS,1e+007
MTSC,1e+007
MTSI,1e+007
MTSL,1e+007
MTSN,1e+007
MTT,1e+007
MTU,-6.69082e-007
MTUM,1e+007
MTW,1e+007
MTX,1e+007
MTY,1e+007
MTZ,1e+007
MU,-2.51769e-007
MUA,1e+007
MUAB,1e+007
MUAC,1e+007
MUAD,1e+007
MUAE,1e+007
MUAF,1e+007
MUAG,1e+007
MUB,1e+007
MUC,1e+007
MUE,1e+007
MUH,1e+007
MUI,1e+007
MUJ,1e+007
MUNI,1e+007
MUR,1e+007
MUS,1e+007
MUX,1e+007
MVC,1e+007
MVCB,1e+007
MVF,1e+007
MVG,1e+007
MVIS,1e+007
MVISW,1e+007
MVO,1e+007
MVT,1e+007
MVV,1e+007
MW,1e+007
MWA,1e+007
MWE,1e+007
MWG,1e+007
MWIV,1e+007
MWO,1e+007
MWR,1e+007
MWV,1e+007
MWW,1e+007
MX,1e+007
MXA,1e+007
MXC,1e+007
MXE,1e+007
MXF,1e+007
MXI,1e+007
MXIM,1e+007
MXL,1e+007
MXN,1e+007
MXT,1e+007
MXWL,1e+007
MY,1e+007
MYC,1e+007
MYD,1e+007
MYE,1e+007
MYF,1e+007
MYGN,1e+007
MYI,1e+007
MYJ,1e+007
MYL,-2.65996e-005
MYM,1e+007
MYN,1e+007
MYP,1e+007
MYRG,1e+007
MYY,1e+007
MZA,1e+007
MZF,1e+007
MZZ,1e+007
N,1e+007
NAC,1e+007
NAD,1e+007
NAD_hyphen_C,1e+007
NAFC,1e+007
NAI,1e+007
NAII,1e+007
NAK,1e+007
NAN,1e+007
NANO,1e+007
NAN_hyphen_D,1e+007
NASB,1e+007
NAT,1e+007
NATH,1e+007
NATI,1e+007
NATL,1e+007
NATR,1e+007
NAUH,1e+007
NAV,1e+007
NAVB,1e+007
NAVG,1e+007
NAVR,1e+007
NAZ,1e+007
NBB,1e+007
NBBC,1e+007
NBD,1e+007
NBG,1e+007
NBG_hyphen_A,1e+007
NBH,1e+007
NBHC,1e+007
NBIX,1e+007
NBL,1e+007
NBN,1e+007
NBO,1e+007
NBR,9.05868e-006
NBS,1e+007
NBTB,1e+007
NBTF,1e+007
NBW,1e+007
NBY,1e+007
NC,1e+007
NCA,1e+007
NCB,1e+007
NCBC,1e+007
NCI,1e+007
NCIT,1e+007
NCLH,1e+007
NCMI,1e+007
NCO,1e+007
NCP,1e+007
NCQ,1e+007
NCR,1e+007
NCS,1e+007
NCT,6.45262e-005
NCTY,1e+007
NCT_hyphen_B,1e+007
NCU,1e+007
NCV,1e+007
NCZ,1e+007
NDAQ,1e+007
NDP,1e+007
NDRO,1e+007
NDSN,1e+007
NDZ,1e+007
NE,-1.36668e-005
NEA,1e+007
NEA_hyphen_C,1e+007
NECB,1e+007
NED,1e+007
NEE,1e+007
NEE_hyphen_C,1e+007
NEE_hyphen_F,1e+007
NEE_hyphen_G,1e+007
NEE_hyphen_H,1e+007
NEE_hyphen_I,1e+007
NEE_hyphen_J,1e+007
NEE_hyphen_O,1e+007
NEM,4.09198e-006
NEN,1e+007
NEO,1e+007
NEOG,1e+007
NEON,1e+007
NEPT,1e+007
NETC,1e+007
NETE,1e+007
NEU,1e+007
NEV,1e+007
NEWL,1e+007
NEWP,1e+007
NEWS,1e+007
NEWT,1e+007
NFBK,1e+007
NFEC,1e+007
NFG,1e+007
NFJ,1e+007
NFLX,1e+007
NFO,1e+007
NFP,1e+007
NFSB,1e+007
NFX,1e+007
NG,-6.8903e-006
NGD,1e+007
NGE,1e+007
NGG,1e+007
NGL,1e+007
NGLS,1e+007
NGPC,1e+007
NGS,1e+007
NGT,1e+007
NGVC,1e+007
NGX,1e+007
NGX_hyphen_C,1e+007
NGZ,1e+007
NHC,1e+007
NHF,1e+007
NHI,1e+007
NHS,1e+007
NHTB,1e+007
NI,1e+007
NIB,1e+007
NICE,1e+007
NICK,1e+007
NID,1e+007
NIE,1e+007
NIF,1e+007
NIHD,-9.40859e-005
NILE,1e+007
NIM,1e+007
NINE,1e+007
NINI,1e+007
NIO,1e+007
NIQ,1e+007
NJ,1e+007
NJR,1e+007
NJV,1e+007
NKA,1e+007
NKE,1e+007
NKG,1e+007
NKG_hyphen_C,1e+007
NKG_hyphen_D,1e+007
NKG_hyphen_E,1e+007
NKSH,1e+007
NKTR,1e+007
NKX,1e+007
NKY,1e+007
NL,1e+007
NLNK,1e+007
NLP,1e+007
NLR,1e+007
NLS,1e+007
NLSN,1e+007
NLST,1e+007
NLY,-1.50373e-005
NLY_hyphen_A,1e+007
NLY_hyphen_C,1e+007
NLY_hyphen_D,1e+007
NM,1e+007
NMA,1e+007
NMB,1e+007
NMB_hyphen_C,1e+007
NMD,1e+007
NMFC,1e+007
NMI,1e+007
NML,1e+007
NMM,1e+007
NMO,1e+007
NMR,1e+007
NMRX,1e+007
NMT,1e+007
NMT_hyphen_C,1e+007
NMY,1e+007
NMY_hyphen_C,1e+007
NMY_hyphen_E,1e+007
NMY_hyphen_F,1e+007
NMY_hyphen_G,1e+007
NMZ,1e+007
NNA,1e+007
NNA_plus_,1e+007
NNBR,1e+007
NNC,1e+007
NNC_hyphen_C,1e+007
NNC_hyphen_D,1e+007
NNC_hyphen_E,1e+007
NNI,1e+007
NNJ,1e+007
NNN,1e+007
NNN_hyphen_D,1e+007
NNP,1e+007
NNY,1e+007
NOA,1e+007
NOAH,1e+007
NOC,1e+007
NOG,1e+007
NOK,1.9765e-005
NOM_hyphen_C,1e+007
NOR,1e+007
NORW,1e+007
NOV,1e+007
NOVB,1e+007
NOW,1e+007
NP,1e+007
NPBC,1e+007
NPD,1e+007
NPF,1e+007
NPI,1e+007
NPK,1e+007
NPM,1e+007
NPN,1e+007
NPO,1e+007
NPP,1e+007
NPSP,1e+007
NPT,1e+007
NPTN,1e+007
NPV,1e+007
NPV_hyphen_A,1e+007
NPV_hyphen_D,1e+007
NPX,1e+007
NPY,1e+007
NQ,1e+007
NQC,1e+007
NQI,1e+007
NQJ,1e+007
NQM,1e+007
NQP,1e+007
NQS,1e+007
NQU,1e+007
NR,1e+007
NRCI,1e+007
NRF,-1.82518e-006
NRF_hyphen_A,1e+007
NRF_hyphen_B,1e+007
NRF_hyphen_C,1e+007
NRF_hyphen_D,1e+007
NRG,8.82317e-006
NRGM,1e+007
NRGY,1e+007
NRIM,1e+007
NRK,1e+007
NRK_hyphen_C,1e+007
NRO,1e+007
NRP,1e+007
NRT,1e+007
NS,1e+007
NSC,1e+007
NSEC,1e+007
NSH,1e+007
NSIT,1e+007
NSL,1e+007
NSLP,1e+007
NSM,1e+007
NSP,1e+007
NSPH,1e+007
NSPR,1e+007
NSR,1e+007
NSS,1e+007
NSSC,1e+007
NSU,1e+007
NSYS,1e+007
NTAP,-0.00042376
NTC,1e+007
NTCT,1e+007
NTC_hyphen_E,1e+007
NTC_hyphen_G,1e+007
NTE,1e+007
NTES,1e+007
NTG,1e+007
NTGR,1e+007
NTI,1e+007
NTIC,1e+007
NTK,1e+007
NTL,1e+007
NTLS,1e+007
NTN,1e+007
NTRI,1e+007
NTRS,1.10977e-005
NTS,1e+007
NTSC,1e+007
NTSP,1e+007
NTT,1e+007
NTWK,1e+007
NTX,1e+007
NTX_hyphen_C,1e+007
NTZ,1e+007
NU,1e+007
NUAN,1e+007
NUC,1e+007
NUCL,1e+007
NUE,1e+007
NUGT,-0.000408114
NUJ,1e+007
NUM,1e+007
NUO,1e+007
NUO_hyphen_A,1e+007
NURO,1e+007
NUS,1e+007
NUTR,1e+007
NUV,1e+007
NUVA,1e+007
NUW,1e+007
NVAX,1e+007
NVC,1e+007
NVDA,-4.71944e-006
NVDQ,1e+007
NVE,1e+007
NVEC,1e+007
NVG,1e+007
NVGN,1e+007
NVG_hyphen_C,1e+007
NVMI,1e+007
NVO,1e+007
NVR,1e+007
NVS,1e+007
NVTL,1e+007
NVX,1e+007
NVY,1e+007
NWBI,1e+007
NWBO,1e+007
NWE,1e+007
NWFL,1e+007
NWL,1.06789e-005
NWLI,1e+007
NWN,1e+007
NWPX,1e+007
NWS,-5.15564e-005
NWSA,-0.000209261
NWY,1e+007
NW_hyphen_C,1e+007
NX,1e+007
NXC,1e+007
NXJ,1e+007
NXK,1e+007
NXM,1e+007
NXM_hyphen_C,1e+007
NXN,1e+007
NXP,1e+007
NXPI,-0.000142718
NXQ,1e+007
NXR,1e+007
NXST,1e+007
NXTM,1e+007
NXZ,1e+007
NY,1e+007
NYC,1e+007
NYCB,3.4045e-006
NYCB_hyphen_U,1e+007
NYF,1e+007
NYH,1e+007
NYMT,1e+007
NYMX,1e+007
NYNY,1e+007
NYT,1e+007
NYV,1e+007
NYX,1e+007
NZF,1e+007
NZF_hyphen_C,1e+007
NZH,1e+007
NZH_hyphen_A,1e+007
NZH_hyphen_B,1e+007
NZH_hyphen_C,1e+007
O,1e+007
OABC,1e+007
OAK,1e+007
OAKS,1e+007
OAS,1e+007
OB,1e+007
OBAF,1e+007
OBAS,1e+007
OBCI,1e+007
OC,1e+007
OCC,1e+007
OCFC,1e+007
OCLR,1e+007
OCLS,1e+007
OCN,1e+007
OCR,3.59036e-005
OCR_hyphen_B,1e+007
OCZ,1e+007
OC_plus_B,1e+007
ODC,1e+007
ODFL,1e+007
ODP,-4.43542e-005
OEF,4.82433e-005
OEH,1e+007
OESX,1e+007
OFC,1e+007
OFC_hyphen_H,1e+007
OFC_hyphen_L,1e+007
OFF,1e+007
OFG,1e+007
OFG_hyphen_A,1e+007
OFI,1e+007
OFIX,1e+007
OFLX,1e+007
OFS,1e+007
OGE,1e+007
OGEM,1e+007
OGEN,1e+007
OGXI,1e+007
OHI,1e+007
OI,1e+007
OIA,1e+007
OIBR,1e+007
OIBR_dot_C,1e+007
OIH,0.000108899
OII,1e+007
OIIM,1e+007
OIL,1e+007
OILT,1e+007
OINK,1e+007
OIS,1e+007
OKE,1e+007
OKS,1e+007
OKSB,1e+007
OKSBP,1e+007
OLBK,1e+007
OLEM,1e+007
OLN,1e+007
OLP,1e+007
OMAB,1e+007
OMC,-0.000175749
OMCL,1e+007
OME,1e+007
OMER,1e+007
OMEX,1e+007
OMG,1e+007
OMI,1e+007
OMN,1e+007
OMPI,1e+007
OMTH,1e+007
OMX,1e+007
ONB,1e+007
ONCY,1e+007
ONE,1e+007
ONEF,1e+007
ONEQ,1e+007
ONFC,1e+007
ONN,1e+007
ONNN,-4.47505e-005
ONP,1e+007
ONTY,1e+007
ONVI,1e+007
ONXX,1e+007
OPAY,1e+007
OPEN,1e+007
OPHC,1e+007
OPK,1e+007
OPLK,1e+007
OPOF,1e+007
OPTR,1e+007
OPTT,1e+007
OPXA,1e+007
OPY,1e+007
ORA,1e+007
ORB,1e+007
ORBC,1e+007
ORBK,1e+007
ORBT,1e+007
ORC,1e+007
ORCL,-5.09696e-005
OREX,1e+007
ORI,1e+007
ORIG,1e+007
ORIT,1e+007
ORLY,1e+007
ORMP,1e+007
ORN,1e+007
ORRF,1e+007
OSBC,1e+007
OSBCP,1e+007
OSH,1e+007
OSHC,1e+007
OSIR,1e+007
OSIS,1e+007
OSK,1e+007
OSM,1e+007
OSN,1e+007
OSTK,1e+007
OSUR,1e+007
OTEX,1e+007
OTIV,1e+007
OTT,1e+007
OTTR,1e+007
OUTD,1e+007
OVBC,1e+007
OVRL,1e+007
OVTI,1e+007
OWW,1e+007
OXBT,1e+007
OXF,1e+007
OXGN,1e+007
OXLC,1e+007
OXLCP,1e+007
OXM,1e+007
OXY,-0.000155882
OZM,1e+007
OZRK,1e+007
O_hyphen_E,1e+007
O_hyphen_F,1e+007
P,-3.7454e-006
PAA,1e+007
PAAS,1e+007
PAC,1e+007
PACB,1e+007
PACD,1e+007
PACR,1e+007
PACT,1e+007
PACW,1e+007
PAF,1e+007
PAG,1e+007
PAGG,1e+007
PAI,1e+007
PAL,1e+007
PALL,1e+007
PAM,1e+007
PAMT,1e+007
PANL,1e+007
PANW,1e+007
PAR,1e+007
PATH,1e+007
PATK,1e+007
PATR,1e+007
PAY,-0.000302375
PAYX,1e+007
PB,1e+007
PBA,1e+007
PBCT,-4.38365e-006
PBD,1e+007
PBE,1e+007
PBF,1e+007
PBH,1e+007
PBHC,1e+007
PBI,-2.07183e-005
PBIB,1e+007
PBI_hyphen_A,1e+007
PBI_hyphen_B,1e+007
PBJ,1e+007
PBM,1e+007
PBMD,1e+007
PBNY,1e+007
PBP,1e+007
PBR,-0.00019163
PBR_dot_A,0.000177442
PBS,1e+007
PBT,1e+007
PBTH,1e+007
PBW,1e+007
PBY,1e+007
PBYI,1e+007
PCAR,1e+007
PCBK,1e+007
PCC,1e+007
PCCC,1e+007
PCEF,1e+007
PCF,1e+007
PCG,7.6194e-006
PCG_hyphen_A,1e+007
PCG_hyphen_B,1e+007
PCG_hyphen_C,1e+007
PCG_hyphen_D,1e+007
PCG_hyphen_E,1e+007
PCG_hyphen_G,1e+007
PCG_hyphen_H,1e+007
PCH,1e+007
PCI,1e+007
PCK,1e+007
PCL,1e+007
PCLN,1e+007
PCM,1e+007
PCMI,1e+007
PCN,1e+007
PCO,1e+007
PCOM,1e+007
PCP,1e+007
PCQ,1e+007
PCRX,1e+007
PCS,6.98991e-006
PCTI,1e+007
PCY,1e+007
PCYC,1e+007
PCYG,1e+007
PCYO,1e+007
PDCE,1e+007
PDCO,1e+007
PDEX,1e+007
PDFS,1e+007
PDH,1e+007
PDI,1e+007
PDII,1e+007
PDLI,1.79693e-005
PDM,1e+007
PDN,1e+007
PDO,1e+007
PDP,1e+007
PDS,1e+007
PDT,1e+007
PEB,1e+007
PEBK,1e+007
PEBO,1e+007
PEB_hyphen_B,1e+007
PEB_hyphen_C,1e+007
PEG,1e+007
PEGA,1e+007
PEI,1e+007
PEIX,1e+007
PEI_hyphen_A,1e+007
PEI_hyphen_B,1e+007
PEJ,1e+007
PEK,1e+007
PENN,1e+007
PENX,1e+007
PEO,1e+007
PEOP,1e+007
PEP,6.18787e-006
PER,1e+007
PERF,1e+007
PERI,1e+007
PERM,1e+007
PERY,1e+007
PES,1e+007
PESI,1e+007
PETM,1e+007
PETS,1e+007
PEX,1e+007
PEY,1e+007
PEZ,1e+007
PE_hyphen_A_star_,1e+007
PE_hyphen_C_star_,1e+007
PE_hyphen_D_star_,1e+007
PF,1e+007
PFBC,1e+007
PFBI,1e+007
PFBX,1e+007
PFD,1e+007
PFE,-8.71907e-005
PFF,1e+007
PFG,1e+007
PFG_hyphen_B,1e+007
PFH,1e+007
PFI,1e+007
PFIG,1e+007
PFIN,1e+007
PFK,1e+007
PFL,1e+007
PFLT,1e+007
PFM,1e+007
PFMT,1e+007
PFN,1e+007
PFO,1e+007
PFPT,1e+007
PFS,1e+007
PFSW,1e+007
PFX,1e+007
PFXF,1e+007
PG,0.000135348
PGC,1e+007
PGF,1e+007
PGH,1e+007
PGI,1e+007
PGJ,1e+007
PGM,1e+007
PGNX,1e+007
PGP,1e+007
PGR,-2.03172e-005
PGRX,1e+007
PGTI,1e+007
PGX,1e+007
PH,1e+007
PHA,1e+007
PHB,1e+007
PHD,1e+007
PHDG,1e+007
PHF,1e+007
PHG,1e+007
PHH,1e+007
PHI,1e+007
PHII,1e+007
PHIIK,1e+007
PHK,1e+007
PHM,-2.38046e-006
PHMD,1e+007
PHO,1e+007
PHR,1e+007
PHT,1e+007
PHX,1e+007
PHYS,1e+007
PICB,1e+007
PICK,1e+007
PICO,1e+007
PID,1e+007
PIE,1e+007
PII,1e+007
PIKE,1e+007
PIM,1e+007
PIN,1e+007
PIO,1e+007
PIP,1e+007
PIQ,1e+007
PIR,1e+007
PIZ,1e+007
PJA,1e+007
PJC,1e+007
PJH,1e+007
PJL,1e+007
PJP,1e+007
PJS,1e+007
PKB,1e+007
PKBK,1e+007
PKD,1e+007
PKE,1e+007
PKG,1e+007
PKH,1e+007
PKI,1e+007
PKO,1e+007
PKOH,1e+007
PKT,1e+007
PKW,1e+007
PKX,1e+007
PKY,1e+007
PKY_hyphen_D,1e+007
PL,1e+007
PLAB,1e+007
PLBC,1e+007
PLCE,1e+007
PLCM,1e+007
PLD,1e+007
PLG,1e+007
PLL,1e+007
PLM,1e+007
PLMT,1e+007
PLND,1e+007
PLNR,1e+007
PLOW,1e+007
PLP,1e+007
PLPC,1e+007
PLPM,1e+007
PLT,1e+007
PLTM,1e+007
PLUG,1e+007
PLUS,1e+007
PLW,1e+007
PLX,1e+007
PLXS,1e+007
PLXT,1e+007
PL_hyphen_B,1e+007
PL_hyphen_C,1e+007
PL_hyphen_E,1e+007
PM,1e+007
PMBC,1e+007
PMC,1e+007
PMCS,-2.20409e-005
PMD,1e+007
PMF,1e+007
PMFG,1e+007
PML,1e+007
PMM,1e+007
PMNA,1e+007
PMO,1e+007
PMR,1e+007
PMT,1e+007
PMTC,1e+007
PMTI,1e+007
PMX,1e+007
PNBK,1e+007
PNC,-0.000836523
PNC_hyphen_P,1e+007
PNC_hyphen_Q,1e+007
PNC_plus_,1e+007
PNF,1e+007
PNFP,1e+007
PNG,1e+007
PNI,1e+007
PNK,1e+007
PNM,1e+007
PNNT,1e+007
PNQI,1e+007
PNR,1e+007
PNRA,1e+007
PNRG,1e+007
PNTA,1e+007
PNTR,1e+007
PNW,1e+007
PNX,1e+007
PNY,1e+007
PODD,1e+007
POL,1e+007
POM,1e+007
POOL,1e+007
POPE,1e+007
POR,1e+007
POST,1e+007
POT,3.66616e-005
POWI,1e+007
POWL,1e+007
POWR,1e+007
POZN,1e+007
PPA,1e+007
PPBI,1e+007
PPC,1e+007
PPG,1e+007
PPH,1e+007
PPHM,1e+007
PPL,-4.82577e-005
PPLT,1e+007
PPL_hyphen_U,1e+007
PPL_hyphen_W,1e+007
PPO,1e+007
PPP,1e+007
PPR,1e+007
PPS,1e+007
PPS_hyphen_A,1e+007
PPT,1e+007
PPX,1e+007
PQ,1e+007
PRA,1e+007
PRAA,1e+007
PRAN,1e+007
PRB,1e+007
PRCP,1e+007
PRE,1e+007
PRE_hyphen_D,1e+007
PRE_hyphen_E,1e+007
PRE_hyphen_F,1e+007
PRF,1e+007
PRFT,1e+007
PRFZ,1e+007
PRGN,1e+007
PRGO,1e+007
PRGS,1e+007
PRGX,1e+007
PRH,1e+007
PRI,1e+007
PRIM,1e+007
PRIS,1e+007
PRIS_dot_B,1e+007
PRK,1e+007
PRKR,1e+007
PRLB,1e+007
PRLS,1e+007
PRMW,1e+007
PRN,1e+007
PRO,1e+007
PROV,1e+007
PRPH,1e+007
PRSC,1e+007
PRSS,1e+007
PRTA,1e+007
PRTS,1e+007
PRU,-0.000118021
PRXI,1e+007
PRXL,1e+007
PRY,1e+007
PSA,1e+007
PSAU,1e+007
PSA_hyphen_O,1e+007
PSA_hyphen_P,1e+007
PSA_hyphen_Q,1e+007
PSA_hyphen_R,1e+007
PSA_hyphen_S,1e+007
PSA_hyphen_T,1e+007
PSA_hyphen_U,1e+007
PSA_hyphen_V,1e+007
PSA_hyphen_W,1e+007
PSA_hyphen_X,1e+007
PSB,1e+007
PSBH,1e+007
PSB_hyphen_R,1e+007
PSB_hyphen_S,1e+007
PSB_hyphen_T,1e+007
PSB_hyphen_U,1e+007
PSB_hyphen_V,1e+007
PSCC,1e+007
PSCD,1e+007
PSCE,1e+007
PSCF,1e+007
PSCH,1e+007
PSCI,1e+007
PSCT,1e+007
PSCU,1e+007
PSDV,1e+007
PSE,1e+007
PSEC,-3.62922e-006
PSEM,1e+007
PSF,1e+007
PSI,1e+007
PSJ,1e+007
PSK,1e+007
PSL,1e+007
PSLV,1e+007
PSMI,1e+007
PSMT,1e+007
PSO,1e+007
PSP,1e+007
PSQ,1e+007
PSR,1e+007
PST,1e+007
PSTB,1e+007
PSTI,1e+007
PSTR,1e+007
PSUN,1e+007
PSX,0.000115352
PT,1e+007
PTD,1e+007
PTEK,1e+007
PTEN,-3.63222e-005
PTF,1e+007
PTGI,1e+007
PTH,1e+007
PTIE,1e+007
PTIX,1e+007
PTM,1e+007
PTN,1e+007
PTNR,1e+007
PTNT,1e+007
PTP,1e+007
PTR,1e+007
PTRY,1e+007
PTSI,1e+007
PTSX,1e+007
PTX,1e+007
PTY,1e+007
PUI,1e+007
PUK,1e+007
PUK_hyphen_,1e+007
PUK_hyphen_A,1e+007
PULB,1e+007
PULS,1e+007
PURE,1e+007
PUW,1e+007
PVA,1e+007
PVD,1e+007
PVFC,1e+007
PVG,1e+007
PVH,1e+007
PVI,1e+007
PVR,1e+007
PVTB,1e+007
PVTBP,1e+007
PVTD,1e+007
PW,1e+007
PWB,1e+007
PWC,1e+007
PWE,1e+007
PWER,-3.0068e-007
PWO,1e+007
PWOD,1e+007
PWR,1e+007
PWRD,1e+007
PWV,1e+007
PWX,1e+007
PWZ,1e+007
PX,1e+007
PXD,1e+007
PXE,1e+007
PXF,1e+007
PXH,1e+007
PXI,1e+007
PXJ,1e+007
PXLC,1e+007
PXLG,1e+007
PXLV,1e+007
PXLW,1e+007
PXMC,1e+007
PXMG,1e+007
PXMV,1e+007
PXN,1e+007
PXP,1e+007
PXQ,1e+007
PXR,1e+007
PXSC,1e+007
PXSG,1e+007
PXSV,1e+007
PYB,1e+007
PYC,1e+007
PYG,1e+007
PYK,1e+007
PYN,1e+007
PYS,1e+007
PYT,1e+007
PYY,1e+007
PYZ,1e+007
PZA,1e+007
PZB,1e+007
PZC,1e+007
PZD,1e+007
PZE,1e+007
PZG,1e+007
PZI,1e+007
PZN,1e+007
PZT,1e+007
PZZA,1e+007
PZZI,1e+007
QABA,1e+007
QADA,1e+007
QADB,1e+007
QAI,1e+007
QBAK,1e+007
QBC,1e+007
QCCO,1e+007
QCLN,1e+007
QCOM,-4.43175e-005
QCOR,1e+007
QCRH,1e+007
QDEF,1e+007
QDEL,1e+007
QDF,1e+007
QDYN,1e+007
QEP,1e+007
QGEM,1e+007
QGEN,1e+007
QID,-0.000534319
QIHU,1e+007
QKLS,1e+007
QLD,0.00208329
QLGC,1e+007
QLIK,1e+007
QLTA,1e+007
QLTB,1e+007
QLTC,1e+007
QLTI,1e+007
QLTY,1e+007
QLYS,1e+007
QMM,1e+007
QNST,1e+007
QQEW,1e+007
QQQ,-0.000427875
QQQC,1e+007
QQQE,1e+007
QQQX,1e+007
QQXT,1e+007
QRE,1e+007
QRM,1e+007
QSII,1e+007
QTEC,1e+007
QTM,1.87115e-005
QTWW,1e+007
QUAD,1e+007
QUIK,1e+007
R,1e+007
RAD,-9.02844e-006
RADA,1e+007
RAI,1e+007
RAIL,1e+007
RALS,1e+007
RALY,1e+007
RAND,1e+007
RAS,1e+007
RAS_hyphen_A,1e+007
RAS_hyphen_B,1e+007
RAS_hyphen_C,1e+007
RATE,1e+007
RAVN,1e+007
RAX,1e+007
RBA,1e+007
RBC,1e+007
RBCAA,1e+007
RBCN,1e+007
RBL,1e+007
RBNF,1e+007
RBS,1e+007
RBS_hyphen_E,1e+007
RBS_hyphen_F,1e+007
RBS_hyphen_G,1e+007
RBS_hyphen_H,1e+007
RBS_hyphen_I,1e+007
RBS_hyphen_L,1e+007
RBS_hyphen_M,1e+007
RBS_hyphen_N,1e+007
RBS_hyphen_P,1e+007
RBS_hyphen_Q,1e+007
RBS_hyphen_R,1e+007
RBS_hyphen_S,1e+007
RBS_hyphen_T,1e+007
RBY,1e+007
RCD,1e+007
RCG,1e+007
RCI,1e+007
RCII,1e+007
RCKB,1e+007
RCKY,1e+007
RCL,-3.73201e-005
RCMT,1e+007
RCON,1e+007
RCS,1e+007
RDA,1e+007
RDC,1e+007
RDCM,1e+007
RDEN,1e+007
RDI,1e+007
RDN,3.40618e-005
RDNT,1e+007
RDS_dot_A,1e+007
RDS_dot_B,1e+007
RDWR,1e+007
RDY,1e+007
RE,1e+007
RECN,1e+007
RECV,1e+007
REDF,1e+007
REE,1e+007
REED,1e+007
REFR,1e+007
REG,1e+007
REGI,1e+007
REGN,1e+007
REG_hyphen_F,1e+007
REG_hyphen_G,1e+007
REIS,1e+007
REK,1e+007
RELL,1e+007
RELV,1e+007
REM,1e+007
REMX,1e+007
REMY,1e+007
REN,1e+007
RENN,1e+007
RENT,1e+007
REN_plus_,1e+007
RES,1e+007
RESI,1e+007
RETL,1e+007
REV,1e+007
REW,1e+007
REX,1e+007
REXI,1e+007
REXX,1e+007
REZ,1e+007
RE_hyphen_B,1e+007
RF,8.43524e-006
RFG,1e+007
RFI,1e+007
RFIL,1e+007
RFMD,-8.14328e-006
RFP,1e+007
RFV,1e+007
RF_hyphen_A,1e+007
RGA,1e+007
RGC,1e+007
RGCO,1e+007
RGDX,1e+007
RGEN,1e+007
RGI,1e+007
RGLD,1e+007
RGLS,1e+007
RGP,1e+007
RGR,1e+007
RGRA,1e+007
RGRC,1e+007
RGRI,1e+007
RGS,1e+007
RH,1e+007
RHI,1e+007
RHP,1e+007
RHS,1e+007
RHT,1e+007
RIC,1e+007
RICK,1e+007
RIF,1e+007
RIG,1e+007
RIGL,1e+007
RIMG,1e+007
RING,1e+007
RIO,7.71162e-005
RIOM,1e+007
RIT,1e+007
RITT,1e+007
RJA,1e+007
RJD,1e+007
RJET,1e+007
RJF,1e+007
RJI,1e+007
RJN,1e+007
RJZ,1e+007
RKH,1e+007
RKT,1e+007
RKUS,1e+007
RL,1e+007
RLD,1e+007
RLGT,1e+007
RLGY,1e+007
RLH,1e+007
RLH_hyphen_A,1e+007
RLI,1e+007
RLJ,1e+007
RLJE,1e+007
RLOC,1e+007
RLOG,1e+007
RLY,1e+007
RM,1e+007
RMB,1e+007
RMBS,1e+007
RMCF,1e+007
RMD,1e+007
RMGN,1e+007
RMKR,1e+007
RMT,1e+007
RMTI,1e+007
RNDY,1e+007
RNE,1e+007
RNET,1e+007
RNF,1e+007
RNIN,1e+007
RNN,1e+007
RNO,1e+007
RNP,1e+007
RNR,1e+007
RNR_hyphen_C,1e+007
RNR_hyphen_D,1e+007
RNST,1e+007
RNWK,1e+007
ROC,1e+007
ROCK,1e+007
ROCM,1e+007
ROG,1e+007
ROIA,1e+007
ROIAK,1e+007
ROIC,1e+007
ROICW,1e+007
ROIQ,1e+007
ROK,1e+007
ROL,1e+007
ROLL,1e+007
ROM,1e+007
ROMA,1e+007
ROOF,1e+007
ROP,1e+007
ROSE,1e+007
ROSG,1e+007
ROST,1e+007
ROVI,1e+007
ROX,1e+007
ROYL,1e+007
ROYT,1e+007
RP,1e+007
RPAI,1e+007
RPAI_hyphen_A,1e+007
RPG,1e+007
RPI,1e+007
RPM,1e+007
RPRX,1e+007
RPT,1e+007
RPTP,1e+007
RPT_hyphen_D,1e+007
RPV,1e+007
RPXC,1e+007
RQI,1e+007
RRC,1e+007
RRD,1e+007
RRGB,1e+007
RRMS,1e+007
RRST,1e+007
RRTS,1e+007
RS,1e+007
RSE,1e+007
RSG,1e+007
RSH,1e+007
RSO,1e+007
RSOL,1e+007
RSO_hyphen_A,1e+007
RSO_hyphen_B,1e+007
RSP,0.00011107
RST,1e+007
RSTI,1e+007
RSX,1e+007
RSXJ,1e+007
RSYS,1e+007
RT,1e+007
RTEC,1e+007
RTH,1e+007
RTI,1e+007
RTIX,1e+007
RTK,4.1449e-006
RTL,1e+007
RTLA,1e+007
RTM,1e+007
RTN,1e+007
RTR,1e+007
RUDR,1e+007
RUE,1e+007
RUK,1e+007
RUSHA,1e+007
RUSHB,1e+007
RUSL,1e+007
RUSS,1e+007
RUTH,1e+007
RVBD,1e+007
RVLT,1e+007
RVM,1e+007
RVP,1e+007
RVSB,1e+007
RVT,1e+007
RWC,1e+007
RWJ,1e+007
RWK,1e+007
RWL,1e+007
RWM,0.000162237
RWO,1e+007
RWR,1e+007
RWT,1e+007
RWV,1e+007
RWW,1e+007
RWX,1e+007
RWXL,1e+007
RXD,1e+007
RXI,1e+007
RXL,1e+007
RXN,1e+007
RY,1e+007
RYAAY,1e+007
RYE,1e+007
RYF,1e+007
RYH,1e+007
RYJ,1e+007
RYL,1e+007
RYN,1e+007
RYT,1e+007
RYU,1e+007
RZA,1e+007
RZG,1e+007
RZV,1e+007
S,8.45993e-006
SA,1e+007
SAA,1e+007
SAAS,1e+007
SAFM,1e+007
SAFT,1e+007
SAGG,1e+007
SAH,1e+007
SAI,1.0292e-005
SAIA,1e+007
SAL,1e+007
SALM,1e+007
SAM,1e+007
SAN,4.44387e-005
SAND,1e+007
SANM,1e+007
SANW,1e+007
SANWZ,1e+007
SAN_hyphen_A,1e+007
SAN_hyphen_B,1e+007
SAN_hyphen_C,1e+007
SAN_hyphen_E,1e+007
SAN_hyphen_I,1e+007
SAP,1e+007
SAPE,1e+007
SAR,1e+007
SARA,1e+007
SASR,1e+007
SATS,1e+007
SAVE,1e+007
SB,1e+007
SBAC,1e+007
SBB,1e+007
SBCF,1e+007
SBGI,1e+007
SBGL,1e+007
SBH,1e+007
SBI,1e+007
SBLK,1e+007
SBM,1e+007
SBND,1e+007
SBNY,1e+007
SBNYW,1e+007
SBR,1e+007
SBRA,1e+007
SBRAP,1e+007
SBS,1e+007
SBSA,1e+007
SBSI,1e+007
SBUX,-1.04768e-005
SBW,1e+007
SBY,1e+007
SCBT,1e+007
SCC,1e+007
SCCO,1e+007
SCD,1e+007
SCE_hyphen_C,1e+007
SCE_hyphen_D,1e+007
SCE_hyphen_E,1e+007
SCE_hyphen_F,1e+007
SCE_hyphen_G,1e+007
SCG,1e+007
SCHA,1e+007
SCHB,1e+007
SCHC,1e+007
SCHD,1e+007
SCHE,1e+007
SCHF,1e+007
SCHG,1e+007
SCHH,1e+007
SCHL,1e+007
SCHM,1e+007
SCHN,1e+007
SCHO,1e+007
SCHP,1e+007
SCHR,1e+007
SCHV,1e+007
SCHW,8.89696e-005
SCHW_hyphen_B,1e+007
SCHX,1e+007
SCHZ,1e+007
SCI,1e+007
SCIF,1e+007
SCIN,1e+007
SCJ,1e+007
SCL,1e+007
SCLN,1e+007
SCM,1e+007
SCMP,1e+007
SCO,1e+007
SCOK,1e+007
SCON,1e+007
SCOR,1e+007
SCPB,1e+007
SCR,1e+007
SCS,1e+007
SCSC,1e+007
SCSS,1e+007
SCT,1e+007
SCTY,1e+007
SCU,1e+007
SCVL,1e+007
SCX,1e+007
SCZ,1e+007
SD,1e+007
SDA,1e+007
SDBT,1e+007
SDD,1e+007
SDIV,1e+007
SDIX,1e+007
SDK,1e+007
SDLP,1e+007
SDOG,1e+007
SDOW,1e+007
SDO_hyphen_A,1e+007
SDO_hyphen_C,1e+007
SDO_hyphen_H,1e+007
SDP,1e+007
SDR,1e+007
SDRL,1e+007
SDS,-0.000260184
SDT,1e+007
SDY,0.00045499
SDYL,1e+007
SE,-6.9677e-005
SEA,1e+007
SEAC,1e+007
SEAS,1e+007
SEB,1e+007
SED,1e+007
SEE,1e+007
SEED,1e+007
SEF,1e+007
SEIC,1e+007
SEM,1e+007
SEMG,1e+007
SEMG_plus_,1e+007
SENEA,1e+007
SEP,1e+007
SEV,1e+007
SF,1e+007
SFB,1e+007
SFD,1e+007
SFE,1e+007
SFG,1e+007
SFI,1e+007
SFI_hyphen_D,1e+007
SFI_hyphen_E,1e+007
SFI_hyphen_F,1e+007
SFI_hyphen_G,1e+007
SFI_hyphen_I,1e+007
SFK,1e+007
SFL,1e+007
SFLY,1e+007
SFN,1e+007
SFNC,1e+007
SFUN,1e+007
SFY,1e+007
SGA,1e+007
SGB,1e+007
SGC,1e+007
SGEN,1e+007
SGF,1e+007
SGG,1e+007
SGI,1e+007
SGK,1e+007
SGL,1e+007
SGMA,1e+007
SGMO,1e+007
SGMS,1e+007
SGNT,1e+007
SGOC,1e+007
SGOL,1e+007
SGRP,1e+007
SGU,1e+007
SGY,1e+007
SGYP,1e+007
SGYPW,1e+007
SGZA,1e+007
SH,-3.89197e-005
SHBI,1e+007
SHEN,1e+007
SHFL,1e+007
SHG,1e+007
SHI,1e+007
SHIP,1e+007
SHLD,1e+007
SHLM,1e+007
SHLO,1e+007
SHM,1e+007
SHN,1e+007
SHO,1e+007
SHOO,1e+007
SHOR,1e+007
SHOS,1e+007
SHPG,1e+007
SHV,1e+007
SHW,1e+007
SHY,1e+007
SHZ,1e+007
SI,1e+007
SIAL,1e+007
SID,-2.2894e-005
SIF,1e+007
SIFI,1e+007
SIFY,1e+007
SIG,1e+007
SIGA,1e+007
SIGI,1e+007
SIGM,1e+007
SIJ,1e+007
SIL,1e+007
SILC,1e+007
SILJ,1e+007
SILU,1e+007
SIM,1e+007
SIMG,1e+007
SIMO,1e+007
SINA,1e+007
SINF,1e+007
SINO,1e+007
SIR,1e+007
SIRI,-0.000106576
SIRO,1e+007
SIVB,1e+007
SIVBO,1e+007
SIVR,1e+007
SIX,1e+007
SIZE,1e+007
SJB,1e+007
SJF,1e+007
SJI,1e+007
SJM,1e+007
SJNK,1e+007
SJR,1e+007
SJT,1e+007
SJW,1e+007
SKBI,1e+007
SKF,0.000138423
SKH,1e+007
SKK,1e+007
SKM,1e+007
SKS,1e+007
SKT,1e+007
SKUL,1e+007
SKX,1e+007
SKY,1e+007
SKYW,1e+007
SKYY,1e+007
SLA,1e+007
SLAB,1e+007
SLB,-4.65773e-005
SLCA,1e+007
SLF,1e+007
SLG,1e+007
SLGN,1e+007
SLG_hyphen_C,1e+007
SLG_hyphen_I,1e+007
SLH,1e+007
SLI,1e+007
SLM,5.29905e-005
SLMAP,1e+007
SLMBP,1e+007
SLP,1e+007
SLRA,1e+007
SLRC,1e+007
SLT,1e+007
SLTC,1e+007
SLTM,1e+007
SLV,6.77195e-005
SLVO,1e+007
SLVP,1e+007
SLW,-1.99905e-005
SLX,1e+007
SLXP,1e+007
SLY,1e+007
SLYG,1e+007
SLYV,1e+007
SM,1e+007
SMA,1e+007
SMB,1e+007
SMBC,1e+007
SMCI,1e+007
SMDD,1e+007
SMED,1e+007
SMF,1e+007
SMFG,1e+007
SMG,1e+007
SMH,9.73758e-007
SMI,1e+007
SMIN,1e+007
SMIT,1e+007
SMK,1e+007
SMLP,1e+007
SMLV,1e+007
SMM,1e+007
SMMF,1e+007
SMMU,1e+007
SMN,1e+007
SMP,1e+007
SMPL,1e+007
SMRT,1e+007
SMS,1e+007
SMSI,1e+007
SMT,1e+007
SMTC,1e+007
SMTX,1e+007
SMU,1e+007
SN,1e+007
SNA,1e+007
SNAK,1e+007
SNBC,1e+007
SNCR,1e+007
SNDK,-1.1364e-005
SNDS,1e+007
SNE,-5.15049e-005
SNFCA,1e+007
SNH,1e+007
SNHN,1e+007
SNHY,1e+007
SNI,1e+007
SNLN,1e+007
SNMX,1e+007
SNN,1e+007
SNP,1e+007
SNPS,1e+007
SNSS,1e+007
SNTA,1e+007
SNTS,1e+007
SNV,-4.48643e-006
SNV_hyphen_T,1e+007
SNX,1e+007
SNY,2.54386e-005
SO,1e+007
SOCB,1e+007
SOCL,1e+007
SODA,1e+007
SOFO,1e+007
SOHO,1e+007
SOHU,1e+007
SOIL,1e+007
SOL,1e+007
SOMH,1e+007
SON,1e+007
SONA,1e+007
SONC,1e+007
SONS,4.68593e-005
SOQ,1e+007
SOR,1e+007
SORL,1e+007
SOV_hyphen_C,1e+007
SOXL,1e+007
SOXS,1e+007
SOXX,1e+007
SOYB,1e+007
SPA,1e+007
SPAN,1e+007
SPAR,1e+007
SPB,1e+007
SPBC,1e+007
SPCHB,1e+007
SPE,1e+007
SPEX,1e+007
SPF,-3.19002e-005
SPFF,1e+007
SPG,1e+007
SPGH,1e+007
SPG_hyphen_J,1e+007
SPH,1e+007
SPHB,1e+007
SPHD,1e+007
SPHQ,1e+007
SPIL,1e+007
SPIR,1e+007
SPLK,1e+007
SPLP,1e+007
SPLS,-2.29618e-005
SPLV,-5.05248e-005
SPMD,1e+007
SPN,-2.45248e-005
SPNC,1e+007
SPNS,1e+007
SPP,1e+007
SPPI,1e+007
SPPP,1e+007
SPPR,1e+007
SPPRO,1e+007
SPR,1e+007
SPRD,1e+007
SPRT,1e+007
SPSC,1e+007
SPTN,1e+007
SPU,1e+007
SPW,1e+007
SPWR,1e+007
SPXL,0.000334304
SPXS,-6.7436e-005
SPXU,0.000180208
SPY,1.53205e-005
SPYG,1e+007
SPYV,1e+007
SQI,1e+007
SQM,1e+007
SQNM,1e+007
SQNS,1e+007
SQQQ,0.000372895
SR,1e+007
SRC,1e+007
SRCE,1e+007
SRCL,1e+007
SRDX,1e+007
SRE,1e+007
SREV,1e+007
SRF,1e+007
SRI,1e+007
SRLN,1e+007
SRPT,1e+007
SRS,1e+007
SRT,1e+007
SRTY,1e+007
SRV,1e+007
SSBI,1e+007
SSD,1e+007
SSDD,1e+007
SSDL,1e+007
SSE,1e+007
SSFN,1e+007
SSG,1e+007
SSH,1e+007
SSI,1e+007
SSL,1e+007
SSN,1e+007
SSNC,1e+007
SSNI,1e+007
SSO,-0.000925732
SSP,1e+007
SSRI,1e+007
SSRX,1e+007
SSS,1e+007
SST,1e+007
SSTK,1e+007
SSW,1e+007
SSW_hyphen_C,1e+007
SSW_hyphen_D,1e+007
SSY,1e+007
SSYS,1e+007
ST,1e+007
STAA,1e+007
STAG,1e+007
STAG_hyphen_A,1e+007
STAG_hyphen_B,1e+007
STAN,1e+007
STB,1e+007
STBA,1e+007
STBZ,1e+007
STC,1e+007
STE,1e+007
STEC,1e+007
STEI,1e+007
STEL,1e+007
STEM,1e+007
STFC,1e+007
STI,-1.37214e-005
STIP,1e+007
STI_hyphen_A,1e+007
STI_hyphen_E,1e+007
STI_plus_B,1e+007
STJ,1e+007
STK,1e+007
STKL,1e+007
STL,1e+007
STLD,1e+007
STLY,1e+007
STL_hyphen_A,1e+007
STM,2.54425e-005
STML,1e+007
STMP,1e+007
STN,1e+007
STND,1e+007
STNG,1e+007
STNR,1e+007
STO,1e+007
STON,1e+007
STP,1e+007
STPP,1e+007
STPZ,1e+007
STR,1e+007
STRA,1e+007
STRI,1e+007
STRL,1e+007
STRM,1e+007
STRS,1e+007
STRT,1e+007
STRZA,1e+007
STS,1e+007
STSA,1e+007
STSI,1e+007
STT,1e+007
STT_hyphen_C,1e+007
STV,1e+007
STWD,1e+007
STX,1e+007
STXS,1e+007
STZ,1e+007
STZ_dot_B,1e+007
SU,6.21078e-006
SUB,1e+007
SUBK,1e+007
SUI,1e+007
SUI_hyphen_A,1e+007
SUMR,1e+007
SUNS,1e+007
SUP,1e+007
SUPN,1e+007
SUPX,1e+007
SURG,1e+007
SUSP,1e+007
SUSQ,1e+007
SUSS,1e+007
SUTR,1e+007
SVA,1e+007
SVBI,1e+007
SVBL,1e+007
SVLC,1e+007
SVM,1e+007
SVN,1e+007
SVNT,1e+007
SVT,1e+007
SVU,3.32068e-005
SVVC,1e+007
SVXY,0.00196808
SWC,1e+007
SWFT,1e+007
SWHC,1e+007
SWI,1e+007
SWIR,1e+007
SWJ,1e+007
SWK,1e+007
SWKS,1.94523e-005
SWM,1e+007
SWN,-8.16072e-006
SWS,1e+007
SWSH,1e+007
SWU,1e+007
SWX,1e+007
SWY,-2.65906e-006
SWZ,1e+007
SXC,1e+007
SXCP,1e+007
SXE,1e+007
SXI,1e+007
SXL,1e+007
SXT,1e+007
SYA,1e+007
SYBT,1e+007
SYBTP,1e+007
SYK,1e+007
SYKE,1e+007
SYMC,0.000136172
SYMM,1e+007
SYMX,1e+007
SYN,1e+007
SYNA,1e+007
SYNC,1e+007
SYNL,1e+007
SYNM,1e+007
SYNT,1e+007
SYPR,1e+007
SYRG,1e+007
SYT,1e+007
SYUT,1e+007
SYX,1e+007
SYY,8.96436e-006
SZC,1e+007
SZK,1e+007
SZYM,1e+007
T,1.71525e-006
TA,1e+007
TAC,1e+007
TACT,1e+007
TAGS,1e+007
TAHO,1e+007
TAI,1e+007
TAL,1e+007
TAM,1e+007
TAN,1e+007
TANN,1e+007
TAO,1e+007
TAOM,1e+007
TAP,0.000146941
TARO,1e+007
TAS,1e+007
TASR,1e+007
TAST,1e+007
TAT,1e+007
TATT,1e+007
TAX,1e+007
TAXI,1e+007
TAYC,1e+007
TAYCO,1e+007
TAYCP,1e+007
TAYD,1e+007
TBAC,1e+007
TBAR,1e+007
TBBK,1e+007
TBF,1e+007
TBI,1e+007
TBNK,1e+007
TBT,-0.00094962
TBX,1e+007
TC,1e+007
TCAP,1e+007
TCB,-5.2348e-005
TCBI,1e+007
TCBIL,1e+007
TCBIP,1e+007
TCBK,1e+007
TCB_hyphen_B,1e+007
TCB_hyphen_C,1e+007
TCB_plus_,1e+007
TCC,1e+007
TCCA,1e+007
TCCO,1e+007
TCHI,1e+007
TCI,1e+007
TCK,5.3176e-005
TCL,1e+007
TCO,1e+007
TCO_hyphen_J,1e+007
TCO_hyphen_K,1e+007
TCP,1e+007
TCPC,1e+007
TCRD,1e+007
TCX,1e+007
TC_hyphen_T,1e+007
TD,1e+007
TDA,1e+007
TDC,1e+007
TDE,1e+007
TDF,1e+007
TDG,1e+007
TDH,1e+007
TDI,1e+007
TDIV,1e+007
TDJ,1e+007
TDS,1e+007
TDTF,1e+007
TDTT,1e+007
TDV,1e+007
TDW,1e+007
TDX,1e+007
TDY,1e+007
TE,1e+007
TEAR,1e+007
TECD,1e+007
TECH,1e+007
TECL,1e+007
TECS,1e+007
TECUA,1e+007
TECUB,1e+007
TEF,1.64349e-005
TEG,1e+007
TEI,1e+007
TEL,1e+007
TELK,1e+007
TEN,1e+007
TENZ,1e+007
TEO,1e+007
TER,1e+007
TESO,1e+007
TESS,1e+007
TEU,1e+007
TEVA,1e+007
TEX,1e+007
TF,1e+007
TFG,1e+007
TFI,1e+007
TFM,1e+007
TFSL,1e+007
TFX,1e+007
TG,1e+007
TGA,1e+007
TGB,1e+007
TGC,1e+007
TGD,1e+007
TGE,1e+007
TGH,1e+007
TGI,1e+007
TGP,1e+007
TGR,1e+007
TGS,1e+007
TGT,1e+007
TGX,1e+007
THC,1e+007
THD,1e+007
THFF,1e+007
THG,1e+007
THGA,1e+007
THHY,1e+007
THI,1e+007
THLD,1e+007
THM,1e+007
THO,1e+007
THOR,1e+007
THR,1e+007
THRD,1e+007
THRM,1e+007
THRX,1e+007
THS,1e+007
TI,1e+007
TIBX,0.000183023
TICC,1e+007
TIF,1e+007
TIGR,1e+007
TIK,1e+007
TILE,1e+007
TILT,1e+007
TINY,1e+007
TIP,1e+007
TIPZ,1e+007
TIS,1e+007
TISA,1e+007
TISI,1e+007
TITN,1e+007
TIVO,1e+007
TI_dot_A,1e+007
TJX,1e+007
TK,1e+007
TKC,1e+007
TKF,1e+007
TKMR,1e+007
TKR,1e+007
TLAB,1e+007
TLF,1e+007
TLH,1e+007
TLI,1e+007
TLK,1e+007
TLL,1e+007
TLLP,1e+007
TLM,4.23021e-005
TLO,1e+007
TLP,1e+007
TLR,1e+007
TLT,-0.000389195
TLTD,1e+007
TLTE,1e+007
TLYS,1e+007
TM,1e+007
TMF,1e+007
TMH,1e+007
TMHC,1e+007
TMK,1e+007
TMK_hyphen_B,1e+007
TMNG,1e+007
TMO,1e+007
TMP,1e+007
TMS,1e+007
TMV,1e+007
TMW,1e+007
TNA,-3.32675e-005
TNAV,1e+007
TNC,1e+007
TNDQ,1e+007
TNGO,1e+007
TNH,1e+007
TNK,1e+007
TNP,1e+007
TOF,1e+007
TOFC,1e+007
TOK,1e+007
TOL,1e+007
TOO,1e+007
TOPS,1e+007
TORM,1e+007
TOT,1e+007
TOTS,1e+007
TOWN,1e+007
TOWR,1e+007
TPC,1e+007
TPGI,1e+007
TPH,1e+007
TPI,1e+007
TPL,1e+007
TPLM,1e+007
TPS,1e+007
TPX,1e+007
TPZ,1e+007
TQNT,3.59599e-005
TQQQ,-0.00093004
TR,1e+007
TRAK,1e+007
TRC,1e+007
TREE,1e+007
TREX,1e+007
TRF,1e+007
TRGP,1e+007
TRGT,1e+007
TRI,1e+007
TRIB,1e+007
TRIP,1e+007
TRIT,1e+007
TRK,1e+007
TRLA,1e+007
TRLG,1e+007
TRMB,1e+007
TRMD,1e+007
TRMK,1e+007
TRN,1e+007
TRND,1e+007
TRNM,1e+007
TRNO,1e+007
TRNS,1e+007
TRNX,1e+007
TROV,1e+007
TROVW,1e+007
TROW,1e+007
TROX,1e+007
TRP,1e+007
TRQ,1e+007
TRR,1e+007
TRS,1e+007
TRST,1e+007
TRSY,1e+007
TRT,1e+007
TRV,1e+007
TRW,1e+007
TRX,1e+007
TS,1e+007
TSBK,1e+007
TSCO,1e+007
TSEM,1e+007
TSH,1e+007
TSI,1e+007
TSL,1e+007
TSLA,1e+007
TSM,-5.57049e-005
TSN,-1.85464e-005
TSO,1e+007
TSON,1e+007
TSPT,1e+007
TSRA,1e+007
TSRI,1e+007
TSRO,1e+007
TSRX,1e+007
TSS,1e+007
TST,1e+007
TSU,-2.31366e-006
TSYS,1e+007
TTC,1e+007
TTEC,1e+007
TTEK,1e+007
TTF,1e+007
TTFS,1e+007
TTGT,1e+007
TTHI,1e+007
TTI,1e+007
TTM,1e+007
TTMI,1e+007
TTP,1e+007
TTPH,1e+007
TTS,1e+007
TTT,1e+007
TTTM,1e+007
TTWO,1e+007
TU,1e+007
TUC,1e+007
TUES,1e+007
TUMI,1e+007
TUP,1e+007
TUR,1e+007
TUZ,1e+007
TV,1e+007
TVC,1e+007
TVE,1e+007
TVIX,-1.9687e-005
TVIZ,1e+007
TVL,1e+007
TW,1e+007
TWC,-4.32394e-005
TWER,1e+007
TWGP,1e+007
TWI,1e+007
TWIN,1e+007
TWM,0.000648139
TWMC,1e+007
TWN,1e+007
TWO,1e+007
TWO_plus_,1e+007
TWTC,1e+007
TWTI,1e+007
TWX,-2.70134e-005
TX,1e+007
TXCC,1e+007
TXI,1e+007
TXMD,1e+007
TXN,1.89487e-005
TXRH,1e+007
TXT,1e+007
TY,1e+007
TYBS,1e+007
TYC,1e+007
TYD,1e+007
TYG,1e+007
TYG_hyphen_B,1e+007
TYL,1e+007
TYN,1e+007
TYO,1e+007
TYPE,1e+007
TYY,1e+007
TYY_hyphen_C,1e+007
TY_hyphen_,1e+007
TZA,0.000162347
TZE,1e+007
TZG,1e+007
TZI,1e+007
TZL,1e+007
TZO,1e+007
TZOO,1e+007
TZV,1e+007
TZW,1e+007
TZY,1e+007
TZYM,1e+007
UA,1e+007
UACL,1e+007
UAG,1e+007
UAL,5.00446e-005
UAM,1e+007
UAMY,1e+007
UAN,1e+007
UBA,1e+007
UBC,1e+007
UBCP,1e+007
UBFO,1e+007
UBG,1e+007
UBM,1e+007
UBN,1e+007
UBNK,1e+007
UBNT,1e+007
UBOH,1e+007
UBP,1e+007
UBPS,1e+007
UBP_hyphen_C,1e+007
UBP_hyphen_F,1e+007
UBR,1e+007
UBS,4.97973e-005
UBSH,1e+007
UBSI,1e+007
UBS_hyphen_D,1e+007
UBT,1e+007
UCBA,1e+007
UCBI,1e+007
UCC,1e+007
UCD,1e+007
UCFC,1e+007
UCI,1e+007
UCO,1e+007
UCTT,1e+007
UDN,1e+007
UDOW,1e+007
UDR,1e+007
UEC,1e+007
UEIC,1e+007
UEPS,1e+007
UFCS,1e+007
UFI,1e+007
UFPI,1e+007
UFPT,1e+007
UFS,1e+007
UG,1e+007
UGA,1e+007
UGAZ,1e+007
UGE,1e+007
UGI,1e+007
UGL,1e+007
UGLD,1e+007
UGP,1e+007
UHAL,1e+007
UHN,1e+007
UHS,1e+007
UHT,1e+007
UIHC,1e+007
UIL,1e+007
UINF,1e+007
UIS,1e+007
UIS_hyphen_A,1e+007
UJB,1e+007
UKF,1e+007
UKK,1e+007
UKW,1e+007
UL,7.03727e-005
ULBI,1e+007
ULE,1e+007
ULTA,1e+007
ULTI,1e+007
ULTR,1e+007
UMBF,1e+007
UMC,1e+007
UMDD,1e+007
UMH,1e+007
UMH_hyphen_A,1e+007
UMPQ,1e+007
UMX,1e+007
UN,1e+007
UNAM,1e+007
UNB,1e+007
UNF,1e+007
UNFI,1e+007
UNG,-0.000413856
UNH,1e+007
UNIS,1e+007
UNL,1e+007
UNM,8.87044e-005
UNP,1e+007
UNS,1e+007
UNT,1e+007
UNTD,1e+007
UNTK,1e+007
UNTY,1e+007
UNXL,1e+007
UOIL,1e+007
UPI,1e+007
UPIP,1e+007
UPL,1e+007
UPRO,0.00138493
UPS,5.8369e-005
UPV,1e+007
UPW,1e+007
UQM,1e+007
URA,1e+007
URBN,1e+007
URE,1e+007
URG,1e+007
URI,1e+007
URR,1e+007
URRE,1e+007
URS,1e+007
URTH,1e+007
URTY,1e+007
URZ,1e+007
USA,1e+007
USAC,1e+007
USAG,1e+007
USAK,1e+007
USAP,1e+007
USAT,1e+007
USATP,1e+007
USATZ,1e+007
USB,-2.96016e-005
USBI,1e+007
USB_hyphen_A,1e+007
USB_hyphen_H,1e+007
USB_hyphen_L,1e+007
USB_hyphen_M,1e+007
USB_hyphen_N,1e+007
USCI,1e+007
USCR,1e+007
USD,1e+007
USEG,1e+007
USG,1e+007
USL,1e+007
USLM,1e+007
USLV,1e+007
USM,1e+007
USMD,1e+007
USMI,1e+007
USMO,1e+007
USMV,-7.12602e-006
USNA,1e+007
USO,5.00339e-005
USPH,1e+007
UST,1e+007
USTR,1e+007
USU,1e+007
USV,1e+007
UTEK,1e+007
UTF,1e+007
UTG,1e+007
UTHR,1e+007
UTI,1e+007
UTIW,1e+007
UTL,1e+007
UTMD,1e+007
UTSI,1e+007
UTX,1e+007
UTX_hyphen_A,1e+007
UUP,1e+007
UUPT,1e+007
UUU,1e+007
UVE,1e+007
UVSP,1e+007
UVT,1e+007
UVV,1e+007
UVXY,-5.18729e-005
UWM,-0.000650671
UWN,1e+007
UWTI,1e+007
UXI,1e+007
UXJ,1e+007
UYG,1e+007
UYM,1e+007
UZA,1e+007
V,1e+007
VAC,1e+007
VAL,1e+007
VALE,-3.43125e-005
VALE_dot_P,0.000100317
VALU,1e+007
VALV,1e+007
VAR,1e+007
VASC,1e+007
VAW,1e+007
VB,1e+007
VBF,1e+007
VBFC,1e+007
VBK,1e+007
VBR,1e+007
VC,1e+007
VCBI,1e+007
VCF,1e+007
VCI,1e+007
VCIT,1e+007
VCLK,1e+007
VCLT,1e+007
VCO,1e+007
VCR,1e+007
VCRA,1e+007
VCSH,1e+007
VCV,1e+007
VDC,1e+007
VDE,1e+007
VDSI,1e+007
VE,1e+007
VEA,2.68252e-005
VECO,1e+007
VEGA,1e+007
VEGI,1e+007
VELT,1e+007
VEL_hyphen_E,1e+007
VET,1e+007
VEU,1e+007
VFC,1e+007
VFH,1e+007
VFL,1e+007
VG,1e+007
VGEM,1e+007
VGI,1e+007
VGIT,1e+007
VGK,1e+007
VGLT,1e+007
VGM,1e+007
VGR,1e+007
VGSH,1e+007
VGT,1e+007
VGZ,1e+007
VHC,1e+007
VHI,1e+007
VHS,1e+007
VHT,1e+007
VIA,1e+007
VIAB,1e+007
VIAS,1e+007
VICL,1e+007
VICR,1e+007
VIDE,1e+007
VIFL,1e+007
VIG,0.000241065
VII,1e+007
VIIX,0.00222814
VIIZ,1e+007
VIMC,1e+007
VIOG,1e+007
VIOO,1e+007
VIOV,1e+007
VIP,1e+007
VIPS,1e+007
VIRC,1e+007
VIS,1e+007
VISN,1e+007
VITC,1e+007
VIV,1e+007
VIVO,1e+007
VIXH,1e+007
VIXM,1e+007
VIXY,-0.00086021
VKI,1e+007
VKQ,1e+007
VLCCF,1e+007
VLGEA,1e+007
VLO,-5.93156e-005
VLO_hash_,1e+007
VLT,1e+007
VLTC,1e+007
VLTR,1e+007
VLY,1e+007
VLY_hyphen_A,1e+007
VLY_plus_,1e+007
VMBS,1e+007
VMC,1e+007
VMED,1e+007
VMI,1e+007
VMM,1e+007
VMO,1e+007
VMW,1.7083e-005
VNDA,1e+007
VNET,1e+007
VNM,1e+007
VNO,1e+007
VNOD,1e+007
VNO_hyphen_G,1e+007
VNO_hyphen_I,1e+007
VNO_hyphen_J,1e+007
VNO_hyphen_K,1e+007
VNO_hyphen_L,1e+007
VNQ,-0.000183733
VNQI,1e+007
VNR,1e+007
VNTV,1e+007
VO,1e+007
VOC,1e+007
VOCS,1e+007
VOD,3.72322e-005
VOE,1e+007
VOLC,1e+007
VONE,1e+007
VONG,1e+007
VONV,1e+007
VOO,-9.33007e-005
VOOG,1e+007
VOOV,1e+007
VOT,1e+007
VOX,1e+007
VOXX,1e+007
VPFG,1e+007
VPG,1e+007
VPHM,1e+007
VPL,1e+007
VPRT,1e+007
VPU,1e+007
VPV,1e+007
VQT,1e+007
VR,1e+007
VRA,1e+007
VRD,1e+007
VRML,1e+007
VRNG,1e+007
VRNG_plus_,1e+007
VRNM,1e+007
VRNT,1e+007
VRS,1e+007
VRSK,1e+007
VRSN,1e+007
VRTB,1e+007
VRTS,1e+007
VRTU,1e+007
VRTX,1e+007
VRX,1e+007
VSAT,1e+007
VSCI,1e+007
VSCP,1e+007
VSEC,1e+007
VSH,1e+007
VSI,1e+007
VSPY,1e+007
VSR,1e+007
VSS,1e+007
VSTM,1e+007
VT,1e+007
VTA,1e+007
VTG,1e+007
VTHR,1e+007
VTI,0.000299612
VTIP,1e+007
VTN,1e+007
VTNC,1e+007
VTNR,1e+007
VTR,1e+007
VTRB,1e+007
VTSS,1e+007
VTUS,1e+007
VTV,1e+007
VTWG,1e+007
VTWO,1e+007
VTWV,1e+007
VUG,1e+007
VV,1e+007
VVC,1e+007
VVI,1e+007
VVR,1e+007
VVTV,1e+007
VVUS,1e+007
VWO,-1.6727e-005
VXF,1e+007
VXUS,1e+007
VXX,-0.000130014
VXZ,1e+007
VYFC,1e+007
VYM,1e+007
VZ,-3.62289e-005
WAB,1e+007
WABC,1e+007
WAC,1e+007
WAFD,1e+007
WAFDW,1e+007
WAG,-8.57984e-005
WAGE,1e+007
WAIR,1e+007
WAL,1e+007
WASH,1e+007
WAT,1e+007
WAVX,1e+007
WAYN,1e+007
WBB,1e+007
WBC,1e+007
WBCO,1e+007
WBK,1e+007
WBKC,1e+007
WBMD,1e+007
WBS,1e+007
WBSN,1e+007
WBS_hyphen_E,1e+007
WCC,1e+007
WCG,1e+007
WCN,1e+007
WCRX,-1.85906e-005
WD,1e+007
WDAY,1e+007
WDC,1e+007
WDFC,1e+007
WDR,1e+007
WDTI,1e+007
WEA,1e+007
WEAT,1e+007
WEBK,1e+007
WEBM,1e+007
WEC,1e+007
WEET,1e+007
WEN,2.78311e-006
WERN,1e+007
WES,1e+007
WETF,1e+007
WEX,1e+007
WEYS,1e+007
WF,1e+007
WFC,1.62969e-005
WFC_hyphen_J,1e+007
WFC_hyphen_L,1e+007
WFC_hyphen_N,1e+007
WFC_hyphen_O,1e+007
WFC_hyphen_P,1e+007
WFC_plus_,1e+007
WFD,1e+007
WFM,1e+007
WFR,0.000119142
WFT,4.66165e-005
WG,1e+007
WGA,1e+007
WGL,1e+007
WGO,1e+007
WGP,1e+007
WH,1e+007
WHF,1e+007
WHG,1e+007
WHLR,1e+007
WHR,1e+007
WHX,1e+007
WHZ,1e+007
WIA,1e+007
WIBC,1e+007
WIFI,1e+007
WILC,1e+007
WILN,1e+007
WIN,1e+007
WINA,1e+007
WIP,1e+007
WIRE,1e+007
WIT,1e+007
WITE,1e+007
WIW,1e+007
WLB,1e+007
WLDN,1e+007
WLFC,1e+007
WLK,1e+007
WLL,1e+007
WLL_hyphen_A,1e+007
WLP,1e+007
WLT,1e+007
WM,1e+007
WMAR,1e+007
WMB,-9.9769e-005
WMC,1e+007
WMCR,1e+007
WMGI,1e+007
WMGIZ,1e+007
WMK,1e+007
WMS,1e+007
WMT,8.16322e-005
WMW,1e+007
WNA_hyphen_,1e+007
WNC,1e+007
WNR,1e+007
WNS,1e+007
WOOD,1e+007
WOOF,1e+007
WOR,1e+007
WPC,1e+007
WPCS,1e+007
WPO,1e+007
WPP,1e+007
WPPGY,1e+007
WPRT,1e+007
WPS,1e+007
WPX,1e+007
WPZ,1e+007
WR,1e+007
WRB,1e+007
WRB_hyphen_A,1e+007
WRD,1e+007
WRE,1e+007
WREI,1e+007
WRES,1e+007
WRI,1e+007
WRI_hyphen_F,1e+007
WRLD,1e+007
WRLS,1e+007
WRN,1e+007
WRT,1e+007
WSB,1e+007
WSBC,1e+007
WSBF,1e+007
WSCI,1e+007
WSFS,1e+007
WSFSL,1e+007
WSH,1e+007
WSM,1e+007
WSO,1e+007
WSR,1e+007
WST,1e+007
WSTC,1e+007
WSTG,1e+007
WSTL,1e+007
WTBA,1e+007
WTFC,1e+007
WTI,1e+007
WTM,1e+007
WTR,1e+007
WTS,1e+007
WTSL,1e+007
WTT,1e+007
WTW,1e+007
WU,-1.88992e-005
WVFC,1e+007
WVVI,1e+007
WWAV,1e+007
WWD,1e+007
WWE,1e+007
WWW,1e+007
WWWW,1e+007
WX,1e+007
WY,-5.01831e-005
WYN,1e+007
WYNN,1e+007
WYY,1e+007
X,1e+007
XAA,1e+007
XAR,1e+007
XBI,1e+007
XBKS,1e+007
XCJ_star_,1e+007
XCO,2.24664e-005
XEC,1e+007
XEL,3.47374e-006
XES,1e+007
XFP,1e+007
XHB,8.85381e-005
XHE,1e+007
XHS,1e+007
XIDE,1e+007
XIN,1e+007
XIV,-1.47595e-005
XKE,1e+007
XKO,1e+007
XL,1e+007
XLB,-1.70545e-005
XLE,0.000275892
XLF,2.16672e-005
XLG,1e+007
XLI,0.000354847
XLK,-7.71074e-005
XLNX,-2.91505e-005
XLP,-0.000253252
XLS,1e+007
XLU,0.000131666
XLV,0.000801249
XLY,0.000141236
XME,0.000258372
XMLV,1e+007
XMPT,1e+007
XNPT,1e+007
XNY,1e+007
XOM,3.56445e-005
XOMA,1e+007
XONE,1e+007
XOOM,1e+007
XOP,-5.07364e-006
XOVR,1e+007
XOXO,1e+007
XPH,1e+007
XPL,1e+007
XPLR,1e+007
XPO,1e+007
XPP,1e+007
XRA,1e+007
XRAY,1e+007
XRM,1e+007
XRS,1e+007
XRSC,1e+007
XRT,-6.00668e-005
XRTX,1e+007
XRX,-1.53435e-005
XSD,1e+007
XSLV,1e+007
XSW,1e+007
XTEX,1e+007
XTL,1e+007
XTN,1e+007
XTXI,1e+007
XUE,1e+007
XVG,1e+007
XVIX,1e+007
XVZ,1e+007
XWES,1e+007
XXIA,1e+007
XXV,1e+007
XYL,1e+007
Y,1e+007
YANG,1e+007
YAO,1e+007
YAVY,1e+007
YCL,1e+007
YCS,1e+007
YELP,1e+007
YGE,4.41977e-005
YHOO,0.000126194
YINN,1e+007
YMLI,1e+007
YMLP,1e+007
YNDX,-0.000308526
YOD,1e+007
YOKU,1e+007
YORW,1e+007
YPF,1e+007
YRCW,1e+007
YUM,0.000111729
YXI,1e+007
YY,1e+007
YZC,1e+007
Z,1e+007
ZA,1e+007
ZAGG,1e+007
ZAZA,1e+007
ZBB,1e+007
ZBRA,1e+007
ZBZX,1e+007
ZB_hyphen_A,1e+007
ZB_hyphen_B_star_,1e+007
ZB_hyphen_C,1e+007
ZB_hyphen_F,1e+007
ZB_hyphen_G,1e+007
ZEP,1e+007
ZEUS,1e+007
ZF,1e+007
ZFC,1e+007
ZGNX,1e+007
ZHNE,1e+007
ZIGO,1e+007
ZINC,1e+007
ZION,-4.75493e-005
ZIONW,1e+007
ZIOP,1e+007
ZIPR,1e+007
ZIV,1e+007
ZIXI,1e+007
ZLC,1e+007
ZLCS,1e+007
ZLTQ,1e+007
ZMH,1e+007
ZN,1e+007
ZNGA,-3.01145e-005
ZNH,1e+007
ZOLT,1e+007
ZOOM,1e+007
ZQK,1e+007
ZROZ,1e+007
ZSL,1e+007
ZTEST,1e+007
ZTR,1e+007
ZTS,1e+007
ZUMZ,1e+007
ZVZZT,1e+007
ZWZZT,1e+007
ZX,1e+007
ZXZZT,1e+007
